symbol,name,sector,industry,marketCap,price,peRatio,ma150,last_updated
A,Agilent Technologies Inc,Healthcare,Diagnostics & Research,47671373578,154.17,30.86,132.81,2026-10-08T09:53:29+00:00
AA,Alcoa Corp,Basic Materials,Aluminum,11210854199,47.49,10.76,57.11,2026-10-08T09:53:29+00:00
AAL,American Airlines Group,Industrials,Airlines,8506314753,13.90,,13.55,2026-10-08T09:53:29+00:00
AAOI,Applied Opt,Technology,Communication Equipment,10404381318,112.91,,131.78,2026-10-08T09:53:29+00:00
AAON,AAON Inc,Industrials,Building Products & Equipment,7184216794,82.45,41.79,100.17,2026-10-08T09:53:29+00:00
AAPL,Apple Inc.,Technology,Consumer Electronics,4913422776567,322.24,38.5,298.25,2026-10-08T09:53:29+00:00
ABBV,AbbVie Inc,Healthcare,Drug Manufacturers - General,479524843234,258.33,74.56,233.35,2026-10-08T09:53:29+00:00
ABNB,Airbnb Inc,Consumer Cyclical,Travel Services,67389105948,170.56,37.86,148.20,2026-10-08T09:53:29+00:00
ABT,Abbott Laboratories,Healthcare,Medical Devices,170840719399,106.48,33.21,98.62,2026-10-08T09:53:29+00:00
ABVX,Abivax SA American Depositary Shares,Healthcare,Biotechnology,7591970726,112.00,,115.71,2026-10-08T09:53:29+00:00
ACA,Arcosa Inc,Industrials,Engineering & Construction,7189235220,145.55,32.7,131.61,2026-10-08T09:53:29+00:00
ACCV,,,,,,,,
ACGL,Arch Capital Group Ltd.,Financial Services,Insurance - Diversified,32188132195,97.60,7.58,96.34,2026-10-08T09:53:29+00:00
ACHR,Archer Aviation Inc,Industrials,Aerospace & Defense,3596026149,5.58,,5.63,2026-10-08T09:53:29+00:00
ACI,Albertsons Companies,Consumer Defensive,Grocery Stores,5749993608,12.10,72.94,14.38,2026-10-08T09:53:29+00:00
ACM,Aecom Technology Corporation,Industrials,Engineering & Construction,7500402723,65.14,21.83,73.18,2026-10-08T09:53:29+00:00
ACN,Accenture plc,Technology,Information Technology Services,120332274507,182.48,14.47,174.37,2026-10-08T09:53:29+00:00
ACVA,ACV Auctions Inc.,Consumer Cyclical,Auto & Truck Dealerships,1772795449,8.58,,6.75,2026-10-08T09:53:29+00:00
ADBE,Adobe Systems Incorporated,Technology,Software - Application,92526076698,258.44,13.89,244.97,2026-10-08T09:53:29+00:00
ADC,Agree Realty Corporation,Real Estate,Reit - Retail,8104536095,71.46,39.13,74.12,2026-10-08T09:53:29+00:00
ADI,Analog Devices Inc,Technology,Semiconductors,198710408693,377.73,44.62,376.57,2026-10-08T09:53:29+00:00
ADM,Archer-Daniels-Midland Company,Consumer Defensive,Farm Products,39202624635,81.61,23.27,77.50,2026-10-08T09:53:29+00:00
ADP,Automatic Data Processing Inc,Technology,Software - Application,104877432000,270.61,24.7,234.80,2026-10-08T09:53:29+00:00
ADSK,Autodesk Inc,Technology,Software - Application,49125450638,233.71,28.1,230.50,2026-10-08T09:53:29+00:00
AEE,Ameren Corp,Utilities,Utilities - Regulated Electric,28049732676,104.91,18.0,107.94,2026-10-08T09:53:29+00:00
AEHR,Aehr Test Systems,Technology,Semiconductor Equipment & Materials,2915285238,97.43,,84.87,2026-10-08T09:53:29+00:00
AEIS,Advanced Energy Industries Inc,Industrials,Electrical Equipment & Parts,11704729400,289.63,53.27,319.25,2026-10-08T09:53:29+00:00
AEM,Agnico Eagle Mines Limited,Basic Materials,Gold,91343182041,189.88,17.09,183.54,2026-10-08T09:53:29+00:00
AEO,American Eagle Outfitters Inc,Consumer Cyclical,Apparel Retail,2959339154,16.75,7.74,17.00,2026-10-08T09:53:29+00:00
AEP,American Electric Power Co Inc,Utilities,Utilities - Regulated Electric,66459986757,122.92,20.8,128.05,2026-10-08T09:53:29+00:00
AER,AerCap Holdings NV,Industrials,Rental & Leasing Services,22408150656,146.64,7.03,143.35,2026-10-08T09:53:29+00:00
AES,The AES Corporation,Utilities,Utilities - Diversified,10651644488,14.78,5.55,14.43,2026-10-07T09:42:56+00:00
AFL,Aflac Incorporated,Financial Services,Insurance - Life,56521408749,117.75,12.43,115.58,2026-10-08T09:53:29+00:00
AFRM,Affirm Holdings Inc,Financial Services,Credit Services,22358182695,73.49,12.88,67.44,2026-10-08T09:53:29+00:00
AG,First Majestic Silver Corp,Basic Materials,Silver,8206884712,19.02,29.64,19.42,2026-10-08T09:53:29+00:00
AGCO,AGCO Corporation,Industrials,Farm & Heavy Construction Machinery,7643992907,113.09,17.61,114.97,2026-10-08T09:53:29+00:00
AGI,Alamos Gold Inc,Basic Materials,Gold,13198584407,34.15,12.8,37.47,2026-10-08T09:53:29+00:00
AGNC,AGNC Investment Corp.,Real Estate,Reit - Mortgage,10029169305,10.12,4.91,10.03,2026-10-08T09:53:29+00:00
AGX,Argan Inc,Industrials,Engineering & Construction,5673511028,461.15,34.47,566.49,2026-10-08T09:53:29+00:00
AHR,"American Healthcare REIT, Inc.",Real Estate,Reit - Healthcare Facilities,10762610397,53.75,79.07,51.33,2026-10-08T09:53:29+00:00
AIG,American International Group Inc,Financial Services,Insurance - Diversified,39562086295,75.98,13.75,75.80,2026-10-08T09:53:29+00:00
AIT,Applied Industrial Technologies,Industrials,Industrial Distribution,12278717469,337.13,29.86,314.21,2026-10-08T09:53:29+00:00
AIZ,"Assurant, Inc.",Financial Services,Insurance - Property & Casualty,13156137716,279.19,13.28,255.56,2026-10-08T09:53:29+00:00
AJG,Arthur J Gallagher & Co,Financial Services,Insurance Brokers,58215042665,247.69,39.24,228.61,2026-10-08T09:53:29+00:00
AKAM,Akamai Technologies Inc,Technology,Software - Infrastructure,15034235458,111.49,37.87,117.61,2026-10-08T09:53:29+00:00
ALAB,"Astera Labs, Inc.",Technology,Semiconductors,66314641250,314.66,149.38,274.33,2026-10-08T09:53:29+00:00
ALB,Albemarle Corp,Basic Materials,Specialty Chemicals,12125013750,121.95,410.78,150.00,2026-10-08T09:53:29+00:00
ALC,Alcon AG,Healthcare,Medical Instruments & Supplies,30454200000,69.24,49.65,70.31,2026-10-08T09:53:29+00:00
ALGN,Align Technology Inc,Healthcare,Medical Instruments & Supplies,9936364453,158.39,26.65,168.94,2026-10-08T09:53:29+00:00
ALHC,Alignment Healthcare LLC,Healthcare,Healthcare Plans,1773569290,11.93,43.21,16.81,2026-10-08T09:53:29+00:00
ALK,Alaska Air Group Inc,Industrials,Airlines,4418362787,42.88,,42.94,2026-10-08T09:53:29+00:00
ALL,The Allstate Corporation,Financial Services,Insurance - Property & Casualty,56627548328,250.74,5.0,230.47,2026-10-08T09:53:29+00:00
ALLE,Allegion PLC,Industrials,Security & Protection Services,12577822981,157.59,20.01,144.57,2026-10-08T09:53:29+00:00
ALLY,Ally Financial Inc,Financial Services,Credit Services,11367953675,41.68,9.41,42.09,2026-10-08T09:53:29+00:00
ALM,Almonty Industries Inc. Common Shares,Basic Materials,Other Industrial Metals & Mining,3490620210,14.98,86.91,16.97,2026-10-08T09:53:29+00:00
ALNY,Alnylam Pharmaceuticals Inc,Healthcare,Biotechnology,30028078180,238.08,41.66,281.05,2026-10-08T09:53:29+00:00
ALSN,Allison Transmission Holdings Inc,Consumer Cyclical,Auto Parts,9146339456,121.63,20.63,119.74,2026-10-08T09:53:29+00:00
AMAT,Applied Materials Inc,Technology,Semiconductor Equipment & Materials,413186297425,488.20,38.33,468.51,2026-10-08T09:53:29+00:00
AMBA,Ambarella Inc,Technology,Semiconductor Equipment & Materials,2883731611,72.03,,68.31,2026-10-08T09:53:29+00:00
AMCR,Amcor PLC,Consumer Cyclical,Packaging & Containers,19076395184,44.39,17.61,41.24,2026-10-08T09:53:29+00:00
AMD,Advanced Micro Devices Inc,Technology,Semiconductors,1054350279587,522.64,142.81,435.64,2026-10-08T09:53:29+00:00
AME,Ametek Inc,Industrials,Specialty Industrial Machinery,56998868701,244.16,35.27,233.52,2026-10-08T09:53:29+00:00
AMG,"Affiliated Managers Group, Inc.",Financial Services,Asset Management,9751509596,365.06,12.63,330.59,2026-10-08T09:53:29+00:00
AMGN,Amgen Inc,Healthcare,Drug Manufacturers - General,223324259301,410.14,24.45,368.13,2026-10-08T09:53:29+00:00
AMH,American Homes 4 Rent,Real Estate,Reit - Residential,10775400000,32.39,24.02,31.35,2026-10-08T09:53:29+00:00
AMKR,Amkor Technology Inc,Technology,Semiconductor Equipment & Materials,12986586154,51.45,22.74,60.58,2026-10-08T09:53:29+00:00
AMP,Ameriprise Financial Inc,Financial Services,Asset Management,43332636264,540.74,12.95,490.30,2026-10-08T09:53:29+00:00
AMRZ,Amrize Ltd,Basic Materials,Building Materials,19902636806,42.93,18.81,49.97,2026-10-08T09:53:29+00:00
AMT,American Tower Corp,Real Estate,Reit - Specialty,77433229387,171.02,24.02,172.87,2026-10-08T09:53:29+00:00
AMZN,Amazon.com Inc,Consumer Cyclical,Internet Retail,2803578879716,258.01,20.79,247.18,2026-10-08T09:53:29+00:00
AN,AutoNation Inc,Consumer Cyclical,Auto & Truck Dealerships,5164427790,193.54,7.8,194.56,2026-10-08T09:53:29+00:00
ANET,Arista Networks,Technology,Computer Hardware,272210194059,195.89,65.21,168.97,2026-10-08T09:53:29+00:00
ANF,Abercrombie & Fitch Company,Consumer Cyclical,Apparel Retail,5917052840,127.56,13.08,100.48,2026-10-08T09:53:29+00:00
AON,Aon PLC,Financial Services,Insurance Brokers,57373449009,323.20,15.76,327.01,2026-10-08T09:53:29+00:00
APA,APA Corporation,Energy,Oil & Gas E&P,15348921601,42.10,9.19,38.43,2026-10-08T09:53:29+00:00
APD,Air Products and Chemicals Inc,Basic Materials,Specialty Chemicals,61933429233,293.13,,289.35,2026-10-08T09:53:29+00:00
APG,Api Group Corp,Industrials,Engineering & Construction,17377153204,40.01,,41.76,2026-10-08T09:53:29+00:00
APH,Amphenol Corporation,Technology,Electronic Components,215895418376,81.86,40.36,75.16,2026-10-08T09:53:29+00:00
APLD,Applied Digital Corporation,Technology,Information Technology Services,6769278088,27.09,,32.09,2026-10-08T09:53:29+00:00
APO,Apollo Global Management LLC Class A,Financial Services,Asset Management,68237245452,128.03,45.52,123.16,2026-10-08T09:53:29+00:00
APP,Applovin Corp,Communication Services,Advertising Agencies,85999356892,323.10,25.4,422.45,2026-10-08T09:53:29+00:00
APTV,Aptiv PLC,Consumer Cyclical,Auto Parts,9181531513,46.86,20.19,57.25,2026-10-08T09:53:29+00:00
AR,Antero Resources Corp,Energy,Oil & Gas E&P,10935605136,36.66,9.86,37.06,2026-10-08T09:53:29+00:00
ARCC,Ares Capital Corporation,Financial Services,Asset Management,13247524898,19.22,14.51,18.27,2026-10-08T09:53:29+00:00
ARE,Alexandria Real Estate Equities Inc,Real Estate,Reit - Office,7780414792,49.91,,48.03,2026-10-08T09:53:29+00:00
ARES,Ares Management LP,Financial Services,Asset Management,25923138500,131.62,58.11,120.95,2026-10-08T09:53:29+00:00
ARGX,argenx NV ADR,Healthcare,Biotechnology,57737826872,958.57,37.62,862.28,2026-10-08T09:53:29+00:00
ARM,Arm Holdings plc American Depositary Shares,Technology,Semiconductors,314386860415,268.36,326.16,252.62,2026-10-08T09:53:29+00:00
ARMK,Aramark Holdings,Industrials,Specialty Business Services,14610097017,57.32,39.5,51.71,2026-10-08T09:53:29+00:00
ARW,Arrow Electronics Inc,Technology,Electronics & Computer Distribution,11809960000,216.98,13.89,198.85,2026-10-08T09:53:29+00:00
ARWR,Arrowhead Pharmaceuticals Inc,Healthcare,Biotechnology,8659888296,79.38,,74.56,2026-10-08T09:53:29+00:00
AS,"Amer Sports, Inc.",Consumer Cyclical,Leisure,15784830372,30.56,28.59,33.25,2026-10-08T09:53:29+00:00
ASML,ASML Holding NV ADR,Technology,Semiconductor Equipment & Materials,693285120996,1731.65,58.89,1627.75,2026-10-08T09:53:29+00:00
ASND,Ascendis Pharma AS,Healthcare,Biotechnology,15025495271,247.11,18.52,240.96,2026-10-08T09:53:29+00:00
ASO,Academy Sports Outdoors Inc,Consumer Cyclical,Specialty Retail,3240286914,47.92,9.29,50.76,2026-10-08T09:53:29+00:00
ASST,"Strive, Inc.",Financial Services,Asset Management,2415369899,22.04,,16.27,2026-10-08T09:53:29+00:00
ASTS,Ast Spacemobile Inc,Technology,Communication Equipment,18182203307,62.92,,76.72,2026-10-08T09:53:29+00:00
ASX,ASE Industrial Holding Co Ltd ADR,Technology,Semiconductors,119143706030,39.64,55.12,34.71,2026-10-08T09:53:29+00:00
ATI,Allegheny Technologies Incorporated,Industrials,Metal Fabrication,25762002632,202.39,54.87,180.35,2026-10-08T09:53:29+00:00
ATO,Atmos Energy Corporation,Utilities,Utilities - Regulated Gas,26904739825,165.17,18.87,173.76,2026-10-08T09:53:29+00:00
AU,AngloGold Ashanti plc,Basic Materials,Gold,45544499993,100.33,13.66,93.99,2026-10-08T09:53:29+00:00
AUGO,Aura Minerals Inc. Common Shares,Basic Materials,Gold,6876310459,79.92,24.72,75.13,2026-10-08T09:53:29+00:00
AUR,Aurora Innovation Inc,Consumer Cyclical,Auto Parts,9770594762,6.23,,5.94,2026-10-08T09:53:29+00:00
AVAV,AeroVironment Inc,Industrials,Aerospace & Defense,7057004091,157.33,,172.15,2026-10-08T09:53:29+00:00
AVGO,Broadcom Inc,Technology,Semiconductors,1797319477917,372.09,45.34,378.23,2026-10-08T09:53:29+00:00
AVT,Avnet Inc,Technology,Electronics & Computer Distribution,8414944590,94.51,22.88,83.55,2026-10-08T09:53:29+00:00
AVTR,Avantor Inc,Healthcare,Medical Instruments & Supplies,10382110908,14.58,,10.79,2026-10-08T09:53:29+00:00
AVY,Avery Dennison Corp,Consumer Cyclical,Packaging & Containers,12771535393,173.56,18.83,166.06,2026-10-08T09:53:29+00:00
AWK,American Water Works,Utilities,Utilities - Regulated Water,25314099474,135.17,23.19,131.48,2026-10-08T09:53:29+00:00
AXON,Axon Enterprise Inc.,Industrials,Aerospace & Defense,32982222000,523.01,189.02,479.83,2026-10-08T09:53:29+00:00
AXP,American Express Company,Financial Services,Credit Services,205463067500,325.75,19.01,322.45,2026-10-08T09:53:29+00:00
AXSM,Axsome Therapeutics Inc,Healthcare,Biotechnology,9060341634,205.63,,208.66,2026-10-08T09:53:29+00:00
AXTI,AXT Inc,Technology,Semiconductor Equipment & Materials,5232069730,70.48,2297.0,74.09,2026-10-08T09:53:29+00:00
AYI,Acuity Brands Inc,Industrials,Electrical Equipment & Parts,8993223312,328.32,20.49,308.91,2026-10-08T09:53:29+00:00
AZN,AstraZeneca PLC,Healthcare,Drug Manufacturers - General,248329459947,162.62,25.21,178.26,2026-10-08T09:53:29+00:00
AZO,AutoZone Inc,Consumer Cyclical,Auto Parts,46032725026,2951.68,19.27,3183.27,2026-10-08T09:53:29+00:00
B,Barrick Mining Corporation,Basic Materials,Gold,64485735622,42.49,11.38,40.81,2026-10-08T09:53:29+00:00
BA,The Boeing Company,Industrials,Aerospace & Defense,148733823545,210.89,72.42,215.95,2026-10-08T09:53:29+00:00
BABA,Alibaba Group Holding Ltd,Consumer Cyclical,Internet Retail,265961768000,116.57,26.14,120.61,2026-10-08T09:53:29+00:00
BAC,Bank of America Corp,Financial Services,Banks - Diversified,374251876161,60.19,13.38,55.47,2026-10-08T09:53:29+00:00
BAH,Booz Allen Hamilton Holding,Industrials,Consulting Services,8262376944,74.09,11.97,73.85,2026-10-08T09:53:29+00:00
BALL,Ball Corporation,Consumer Cyclical,Packaging & Containers,15215128319,61.18,17.13,60.06,2026-10-08T09:53:29+00:00
BAM,Brookfield Asset Management Ltd.,Financial Services,Asset Management,71076735000,48.88,26.47,46.86,2026-10-08T09:53:29+00:00
BAP,Credicorp Ltd,Financial Services,Banks - Regional,29870278927,381.28,14.73,354.59,2026-10-08T09:53:29+00:00
BAX,Baxter International Inc,Healthcare,Medical Instruments & Supplies,12392393765,25.30,,21.14,2026-10-08T09:53:29+00:00
BB,BlackBerry Ltd,Technology,Software - Infrastructure,5148270909,8.38,63.15,7.38,2026-10-08T09:53:29+00:00
BBD,Banco Bradesco SA ADR,Financial Services,Banks - Regional,22943844807,3.44,8.44,3.51,2026-10-08T09:53:29+00:00
BBIO,BridgeBio Pharma Inc,Healthcare,Biotechnology,13000284500,75.24,,73.25,2026-10-08T09:53:29+00:00
BBWI,Bath & Body Works Inc.,Consumer Cyclical,Specialty Retail,3591297342,18.33,4.961,18.87,2026-10-08T09:53:29+00:00
BBY,Best Buy Co. Inc,Consumer Cyclical,Specialty Retail,17740890752,86.85,15.76,74.02,2026-10-08T09:53:29+00:00
BCS,Barclays PLC ADR,Financial Services,Banks - Diversified,76928997000,26.22,9.64,24.71,2026-10-08T09:53:29+00:00
BDX,Becton Dickinson and Company,Healthcare,Medical Instruments & Supplies,49073242918,180.67,31.63,160.84,2026-10-08T09:53:29+00:00
BE,Bloom Energy Corp,Industrials,Electrical Equipment & Parts,85792772347,242.83,357.39,235.08,2026-10-08T09:53:29+00:00
BEKE,Ke Holdings Inc,Real Estate,Real Estate Services,17864745201,17.02,25.92,16.51,2026-10-08T09:53:29+00:00
BEN,Franklin Resources Inc,Financial Services,Asset Management,16502340727,33.33,22.56,30.39,2026-10-08T09:53:29+00:00
BG,Bunge Global SA,Consumer Defensive,Farm Products,20270476100,112.85,23.72,117.90,2026-10-08T09:53:29+00:00
BHP,BHP Group Limited,Basic Materials,Other Industrial Metals & Mining,216584673042,87.80,22.71,81.76,2026-10-08T09:53:29+00:00
BIDU,Baidu Inc,Communication Services,Internet Content & Information,23481981940,95.82,,112.11,2026-10-08T09:53:29+00:00
BIIB,Biogen Inc,Healthcare,Drug Manufacturers - General,32823550198,216.51,39.3,200.48,2026-10-08T09:53:29+00:00
BILL,Bill Com Holdings Inc,Technology,Software - Application,4382268000,47.27,,41.48,2026-10-08T09:53:29+00:00
BIO,Bio-Rad Laboratories Inc,Healthcare,Medical Devices,7984085043,368.74,45.04,312.52,2026-10-08T09:53:29+00:00
BJ,BJs Wholesale Club Holdings Inc,Consumer Defensive,Discount Stores,12113608693,93.83,19.67,92.92,2026-10-08T09:53:29+00:00
BKNG,Booking Holdings Inc,Consumer Cyclical,Travel Services,120780230076,187.46,18.26,177.28,2026-10-08T09:53:29+00:00
BKR,Baker Hughes Co,Energy,Oil & Gas Equipment & Services,55004066189,60.46,18.66,60.80,2026-10-08T09:53:29+00:00
BLDR,Builders FirstSource Inc,Industrials,Building Products & Equipment,5761765718,64.80,64.04,75.18,2026-10-08T09:53:29+00:00
BLK,BlackRock Inc,Financial Services,Asset Management,165652529226,1106.38,25.58,1043.72,2026-10-08T09:53:29+00:00
BMNR,"BitMine Immersion Technologies, Inc.",Financial Services,Capital Markets,14875553068,23.05,,20.29,2026-10-08T09:53:29+00:00
BMO,Bank of Montreal,Financial Services,Banks - Diversified,112431131000,174.63,19.88,162.23,2026-10-08T09:53:29+00:00
BMRN,Biomarin Pharmaceutical Inc,Healthcare,Biotechnology,10685284948,63.73,168.14,58.64,2026-10-08T09:53:29+00:00
BMY,Bristol-Myers Squibb Company,Healthcare,Drug Manufacturers - General,121950087058,63.69,13.49,59.18,2026-10-08T09:53:29+00:00
BN,Brookfield Corp,Financial Services,Asset Management,82549195658,40.16,68.69,42.27,2026-10-08T09:53:29+00:00
BNS,Bank of Nova Scotia,Financial Services,Banks - Diversified,106318544992,90.26,16.93,81.58,2026-10-08T09:53:29+00:00
BNTX,BioNTech SE,Healthcare,Biotechnology,23927181000,98.84,,95.05,2026-10-08T09:53:29+00:00
BNY,The Bank of New York Mellon Corporation,Financial Services,Banks - Diversified,96836091708,156.57,19.01,142.58,2026-10-08T09:53:29+00:00
BOOT,Boot Barn Holdings Inc,Consumer Cyclical,Apparel Retail,3705042321,145.46,19.3,155.67,2026-10-08T09:53:29+00:00
BOX,Box Inc,Technology,Software - Infrastructure,4898075805,33.52,50.72,28.31,2026-10-08T09:53:29+00:00
BP,BP PLC ADR,Energy,Oil & Gas Integrated,114628468097,43.81,21.25,42.91,2026-10-08T09:53:29+00:00
BR,Broadridge Financial Solutions Inc,Technology,Information Technology Services,18258343417,168.27,17.03,158.25,2026-10-08T09:53:29+00:00
BRK-A,Berkshire Hathaway Inc,Financial Services,Insurance - Diversified,371173155000,761311.88,12.71,738420.75,2026-10-08T09:53:29+00:00
BRK-B,Berkshire Hathaway Inc,Financial Services,Insurance - Diversified,712817718750,507.61,12.75,492.31,2026-10-08T09:53:29+00:00
BRKR,Bruker Corporation,Healthcare,Medical Devices,9098879666,58.88,,50.90,2026-10-08T09:53:29+00:00
BRO,Brown & Brown Inc,Financial Services,Insurance Brokers,20652129608,68.06,19.72,64.98,2026-10-08T09:53:29+00:00
BROS,Dutch Bros Inc,Consumer Cyclical,Restaurants,5266587422,47.54,63.32,54.38,2026-10-08T09:53:29+00:00
BRX,Brixmor Property,Real Estate,Reit - Retail,8236444527,28.79,19.56,29.52,2026-10-08T09:53:29+00:00
BSX,Boston Scientific Corp,Healthcare,Medical Devices,60258986054,46.68,18.02,52.40,2026-10-08T09:53:29+00:00
BSY,Bentley Systems Inc,Technology,Software - Application,10213817143,34.32,35.44,33.61,2026-10-08T09:53:29+00:00
BTDR,Bitdeer Technologies Group Class A Ordinary Shares,Technology,Software - Application,2364772713,10.91,,12.18,2026-10-08T09:53:29+00:00
BTG,B2Gold Corp,Basic Materials,Gold,6605355000,5.13,9.72,4.66,2026-10-08T09:53:29+00:00
BTI,British American Tobacco p.l.c.,Consumer Defensive,Tobacco,116011506584,55.57,14.4,57.45,2026-10-08T09:53:29+00:00
BTSG,"BrightSpring Health Services, Inc. Common Stock",Healthcare,Health Information Services,12623723049,59.95,51.68,57.16,2026-10-08T09:53:29+00:00
BUD,Anheuser Busch Inbev NV ADR,Consumer Defensive,Beverages - Brewers,130367636739,79.19,16.61,77.73,2026-10-08T09:53:29+00:00
BULL,Webull Corp,Technology,Software - Application,2684432229,8.10,15.5,6.99,2026-10-08T09:53:29+00:00
BURL,Burlington Stores Inc,Consumer Cyclical,Apparel Retail,17120856247,296.60,23.1,314.27,2026-10-08T09:53:29+00:00
BWA,BorgWarner Inc,Consumer Cyclical,Auto Parts,12700611884,64.34,32.2,62.28,2026-10-08T09:53:29+00:00
BWIN,"The Baldwin Insurance Group, Inc.",Financial Services,Insurance Brokers,3080448538,30.69,,25.27,2026-10-08T09:53:29+00:00
BWXT,BWX Technologies Inc,Industrials,Aerospace & Defense,12968177265,154.47,35.93,185.64,2026-10-08T09:53:29+00:00
BX,Blackstone Group Inc,Financial Services,Asset Management,83942395124,131.17,26.64,122.04,2026-10-08T09:53:29+00:00
BXP,"BXP, Inc.",Real Estate,Reit - Office,9487115748,65.52,33.48,61.07,2026-10-08T09:53:29+00:00
BZ,Kanzhun Ltd ADR,Communication Services,Internet Content & Information,5753705373,15.39,9.88,14.10,2026-10-08T09:53:29+00:00
C,Citigroup Inc.,Financial Services,Banks - Diversified,213571278328,133.62,14.22,128.77,2026-10-08T09:53:29+00:00
CACI,CACI International Inc,Technology,Information Technology Services,12858651720,615.36,25.51,552.33,2026-10-08T09:53:29+00:00
CAG,"Conagra Brands, Inc.",Consumer Defensive,Packaged Foods,6340999500,15.05,,14.47,2026-10-08T09:53:29+00:00
CAH,Cardinal Health Inc,Healthcare,Medical Distribution,53758738288,232.36,30.58,218.99,2026-10-08T09:53:29+00:00
CAI,"Caris Life Sciences, Inc. Common Stock",Healthcare,Biotechnology,7658324608,25.22,2.507,20.26,2026-10-08T09:53:29+00:00
CAKE,The Cheesecake Factory,Consumer Cyclical,Restaurants,5323886488,106.57,28.1,79.87,2026-10-08T09:53:29+00:00
CARR,Carrier Global Corp,Industrials,Building Products & Equipment,45337875000,58.80,39.19,62.36,2026-10-08T09:53:29+00:00
CART,Maplebear Inc.,Consumer Cyclical,Internet Retail,10466114788,47.44,23.51,43.68,2026-10-08T09:53:29+00:00
CASY,Caseys General Stores Inc,Consumer Cyclical,Specialty Retail,23405046650,731.44,28.78,769.06,2026-10-08T09:53:29+00:00
CAT,Caterpillar Inc,Industrials,Farm & Heavy Construction Machinery,374097313106,821.90,34.97,840.27,2026-10-08T09:53:29+00:00
CAVA,"CAVA Group, Inc.",Consumer Cyclical,Restaurants,6082088384,60.76,101.89,74.01,2026-10-08T09:53:29+00:00
CB,Chubb Ltd,Financial Services,Insurance - Property & Casualty,129127264709,340.50,11.81,333.12,2026-10-08T09:53:29+00:00
CBOE,Cboe Global Markets Inc,Financial Services,Financial Data & Stock Exchanges,29404637435,286.63,21.92,292.01,2026-10-08T09:53:29+00:00
CBRE,CBRE Group Inc Class A,Real Estate,Real Estate Services,36938186293,143.14,31.24,139.45,2026-10-08T09:53:29+00:00
CBRS,Cerebras Systems Inc. Class A Common Stock,Technology,Semiconductors,19648837693,200.12,,,2026-10-08T09:53:29+00:00
CCEP,Coca-Cola European Partners PLC,Consumer Defensive,Beverages - Non-Alcoholic,44386872509,105.38,19.59,99.86,2026-10-08T09:53:29+00:00
CCI,Crown Castle,Real Estate,Reit - Specialty,29360650459,72.79,28.66,79.70,2026-10-08T09:53:29+00:00
CCJ,Cameco Corp,Energy,Uranium,38792924177,94.73,154.51,103.36,2026-10-08T09:53:29+00:00
CCK,Crown Holdings Inc,Consumer Cyclical,Packaging & Containers,11648302934,114.44,15.53,107.06,2026-10-08T09:53:29+00:00
CCL,Carnival Corporation,Consumer Cyclical,Travel Services,35816320828,25.18,10.02,26.11,2026-10-08T09:53:29+00:00
CDE,Coeur Mining Inc,Basic Materials,Gold,16960927500,19.02,16.15,18.35,2026-10-08T09:53:29+00:00
CDNS,Cadence Design Systems Inc,Technology,Software - Application,98223592573,319.79,64.97,333.31,2026-10-08T09:53:29+00:00
CDW,CDW Corp,Technology,Information Technology Services,17104826856,141.97,16.26,130.94,2026-10-08T09:53:29+00:00
CEG,Constellation Energy Corp,Utilities,Utilities - Independent Power Producers,106146832832,272.63,25.71,277.77,2026-10-08T09:53:29+00:00
CELH,Celsius Holdings Inc,Consumer Defensive,Beverages - Non-Alcoholic,6811702219,29.31,121.7,31.75,2026-10-08T09:53:29+00:00
CF,CF Industries Holdings Inc,Basic Materials,Agricultural Inputs,17319121089,123.85,8.51,120.28,2026-10-08T09:53:29+00:00
CFG,"Citizens Financial Group, Inc.",Financial Services,Banks - Regional,26563633261,69.32,14.28,65.75,2026-10-08T09:53:29+00:00
CG,Carlyle Group Inc,Financial Services,Asset Management,13469387128,44.86,41.7,45.70,2026-10-08T09:53:29+00:00
CGNX,Cognex Corporation,Technology,Scientific & Technical Instruments,10296990886,62.14,59.32,60.18,2026-10-08T09:53:29+00:00
CHD,Church & Dwight Company Inc,Consumer Defensive,Household & Personal Products,22949487000,98.22,30.89,96.54,2026-10-08T09:53:29+00:00
CHKP,Check Point Software Technologies Ltd,Technology,Software - Infrastructure,13304781061,131.99,13.47,133.99,2026-10-08T09:53:29+00:00
CHRD,Chord Energy Corp,Energy,Oil & Gas E&P,7441663067,141.39,10.1,134.31,2026-10-08T09:53:29+00:00
CHRW,CH Robinson Worldwide Inc,Industrials,Integrated Freight & Logistics,15795917324,148.62,28.13,168.60,2026-10-08T09:53:29+00:00
CHTR,Charter Communications Inc,Communication Services,Telecom Services,12242427575,138.83,2.938,159.76,2026-10-08T09:53:29+00:00
CHWY,Chewy Inc,Consumer Cyclical,Internet Retail,4107680625,21.70,28.11,22.50,2026-10-08T09:53:29+00:00
CHYM,"Chime Financial, Inc. Class A Common Stock",Technology,Software - Application,9692268706,30.06,6.43,23.30,2026-10-08T09:53:29+00:00
CI,Cigna Corp,Healthcare,Healthcare Plans,73593484980,276.95,11.24,277.83,2026-10-08T09:53:29+00:00
CIEN,Ciena Corp,Technology,Communication Equipment,63310629781,377.18,79.67,435.73,2026-10-08T09:53:29+00:00
CIFR,Cipher Mining Inc,Technology,Information Technology Services,6042851534,17.19,,18.97,2026-10-08T09:53:29+00:00
CINF,Cincinnati Financial Corporation,Financial Services,Insurance - Property & Casualty,24803579674,169.23,7.67,167.22,2026-10-08T09:53:29+00:00
CL,Colgate-Palmolive Company,Consumer Defensive,Household & Personal Products,69521456600,89.34,33.88,88.36,2026-10-08T09:53:29+00:00
CLF,Cleveland-Cliffs Inc,Basic Materials,Steel,6880712639,11.91,,10.89,2026-10-08T09:53:29+00:00
CLH,Clean Harbors Inc,Industrials,Waste Management,16656410431,315.78,37.99,301.97,2026-10-08T09:53:29+00:00
CLS,Celestica Inc.,Technology,Electronic Components,46859065194,333.57,37.91,343.63,2026-10-08T09:53:29+00:00
CLSK,CleanSpark Inc,Financial Services,Capital Markets,2958531958,12.82,,13.04,2026-10-08T09:53:29+00:00
CLX,The Clorox Company,Consumer Defensive,Household & Personal Products,9941737399,94.48,17.87,96.03,2026-10-08T09:53:29+00:00
CM,Canadian Imperial Bank Of Commerce,Financial Services,Banks - Diversified,98356600212,115.09,15.33,109.87,2026-10-08T09:53:29+00:00
CMCSA,Comcast Corp,Communication Services,Telecom Services,74110682370,24.22,7.02,24.98,2026-10-08T09:53:29+00:00
CME,CME Group Inc,Financial Services,Financial Data & Stock Exchanges,97182601570,270.57,22.41,272.70,2026-10-08T09:53:29+00:00
CMG,Chipotle Mexican Grill Inc,Consumer Cyclical,Restaurants,38936912439,34.56,29.01,33.56,2026-10-08T09:53:29+00:00
CMI,Cummins Inc,Industrials,Specialty Industrial Machinery,71216341488,572.10,26.82,613.41,2026-10-08T09:53:29+00:00
CMS,CMS Energy Corporation,Utilities,Utilities - Regulated Electric,20404455294,67.76,18.96,72.19,2026-10-08T09:53:29+00:00
CNC,Centene Corp,Healthcare,Healthcare Plans,32104733995,64.76,,56.58,2026-10-08T09:53:29+00:00
CNH,CNH Industrial N.V.,Industrials,Farm & Heavy Construction Machinery,15422066007,12.22,52.36,11.14,2026-10-08T09:53:29+00:00
CNI,Canadian National Railway Company,Industrials,Railroads,69924575000,123.12,21.99,116.43,2026-10-08T09:53:29+00:00
CNM,Core & Main Inc,Industrials,Industrial Distribution,7506870941,43.52,17.55,46.80,2026-10-08T09:53:29+00:00
CNP,CenterPoint Energy Inc,Utilities,Utilities - Regulated Electric,25380480796,39.25,21.93,41.52,2026-10-08T09:53:29+00:00
CNQ,Canadian Natural Resources Ltd,Energy,Oil & Gas E&P,97921250000,48.50,11.94,45.98,2026-10-08T09:53:29+00:00
COF,Capital One Financial Corporation,Financial Services,Credit Services,120187848597,210.18,11.02,197.44,2026-10-08T09:53:29+00:00
COHR,Coherent Inc,Technology,Scientific & Technical Instruments,65517553442,301.22,71.98,317.14,2026-10-08T09:53:29+00:00
COIN,Coinbase Global Inc,Financial Services,Financial Data & Stock Exchanges,39759194670,174.01,,177.49,2026-10-08T09:53:29+00:00
COKE,Coca-Cola Consolidated Inc.,Consumer Defensive,Beverages - Non-Alcoholic,10628022022,190.89,25.24,188.95,2026-10-08T09:53:29+00:00
COLB,Columbia Banking System Inc,Financial Services,Banks - Regional,7992408485,30.19,11.85,29.44,2026-10-08T09:53:29+00:00
COMP,Compass Inc,Real Estate,Real Estate Services,6961626862,10.93,168.83,9.62,2026-10-08T09:53:29+00:00
COO,"The Cooper Companies, Inc",Healthcare,Medical Instruments & Supplies,10410986250,66.07,19.03,67.21,2026-10-08T09:53:29+00:00
COP,ConocoPhillips,Energy,Oil & Gas E&P,155981591681,128.55,16.84,121.01,2026-10-08T09:53:29+00:00
COR,Cencora Inc.,Healthcare,Medical Distribution,60539865750,317.71,22.79,305.45,2026-10-08T09:53:29+00:00
CORT,Corcept Therapeutics Incorporated,Healthcare,Biotechnology,12928520635,114.61,255.38,79.21,2026-10-08T09:53:29+00:00
CORZ,"Core Scientific, Inc. Common Stock",Technology,Software - Infrastructure,5122159465,18.29,,20.70,2026-10-08T09:53:29+00:00
COST,Costco Wholesale Corp,Consumer Defensive,Discount Stores,417667388500,932.09,44.45,964.88,2026-10-08T09:53:29+00:00
CP,Canadian Pacific Kansas City Limited,Industrials,Railroads,73517374356,89.99,28.59,86.87,2026-10-08T09:53:29+00:00
CPAY,Corpay Inc,Technology,Software - Infrastructure,26423553319,403.21,24.22,355.94,2026-10-08T09:53:29+00:00
CPB,Campbell’s Co,Consumer Defensive,Packaged Foods,5636093286,21.59,16.03,21.14,2026-10-08T09:53:29+00:00
CPNG,Coupang LLC,Consumer Cyclical,Internet Retail,24284090978,15.37,,17.18,2026-10-08T09:53:29+00:00
CPRT,Copart Inc,Industrials,Specialty Business Services,24645089597,30.35,17.8,31.38,2026-10-08T09:53:29+00:00
CPT,Camden Property Trust,Real Estate,Reit - Residential,11087221753,103.78,32.38,104.43,2026-10-08T09:53:29+00:00
CR,Crane Company,Industrials,Specialty Industrial Machinery,11765190176,208.09,36.1,197.20,2026-10-08T09:53:29+00:00
CRBG,Corebridge Financial Inc.,Financial Services,Asset Management,15334454280,33.36,22.35,29.00,2026-10-08T09:53:29+00:00
CRCL,"Circle Internet Group, Inc.",Financial Services,Capital Markets,18971934541,82.52,17.84,90.12,2026-10-08T09:53:29+00:00
CRDO,Credo Technology Group Holding Ltd,Technology,Semiconductors,41351318488,208.86,74.02,194.18,2026-10-08T09:53:29+00:00
CRH,CRH PLC ADR,Basic Materials,Building Materials,54194115491,91.55,15.02,101.80,2026-10-08T09:53:29+00:00
CRL,Charles River Laboratories,Healthcare,Diagnostics & Research,14464759722,280.56,,216.58,2026-10-08T09:53:29+00:00
CRM,Salesforce.com Inc,Technology,Software - Application,184812877991,223.00,21.41,192.17,2026-10-08T09:53:29+00:00
CROX,Crocs Inc,Consumer Cyclical,Footwear & Accessories,5523275374,123.42,9.86,113.15,2026-10-08T09:53:29+00:00
CRS,Carpenter Technology Corporation,Industrials,Metal Fabrication,19385838227,467.69,37.72,473.04,2026-10-08T09:53:29+00:00
CRSP,Crispr Therapeutics AG,Healthcare,Biotechnology,5061878402,54.83,,52.89,2026-10-08T09:53:29+00:00
CRUS,Cirrus Logic Inc,Technology,Semiconductors,5647296255,118.93,13.53,142.62,2026-10-08T09:53:29+00:00
CRWD,Crowdstrike Holdings Inc,Technology,Software - Infrastructure,271793308900,225.23,8404.33,171.49,2026-10-08T09:53:29+00:00
CRWV,"CoreWeave, Inc. Class A Common Stock",Technology,Software - Infrastructure,40587227000,87.85,,94.08,2026-10-08T09:53:29+00:00
CSCO,Cisco Systems Inc,Technology,Communication Equipment,462820285524,111.78,32.04,104.41,2026-10-08T09:53:29+00:00
CSGP,CoStar Group Inc,Real Estate,Real Estate Services,11183464955,30.20,158.94,33.48,2026-10-08T09:53:29+00:00
CSL,Carlisle Companies Incorporated,Industrials,Building Products & Equipment,12637820950,347.26,18.52,345.82,2026-10-08T09:53:29+00:00
CSX,CSX Corporation,Industrials,Railroads,86714357294,49.09,27.19,46.27,2026-10-08T09:53:29+00:00
CTAS,Cintas Corporation,Industrials,Specialty Business Services,78780758205,200.69,39.55,185.86,2026-10-08T09:53:29+00:00
CTRE,CareTrust REIT Inc.,Real Estate,Reit - Healthcare Facilities,8464015188,38.54,24.42,38.74,2026-10-08T09:53:29+00:00
CTSH,Cognizant Technology Solutions Corp Class A,Technology,Information Technology Services,25706838943,59.38,12.18,54.61,2026-10-08T09:53:29+00:00
CTVA,Corteva Inc,Basic Materials,Agricultural Inputs,9640982073,12.25,47.69,12.19,2026-10-08T09:53:29+00:00
CUBE,CubeSmart,Real Estate,Reit - Industrial,8382781157,39.38,25.73,38.87,2026-10-08T09:53:29+00:00
CVE,Cenovus Energy Inc,Energy,Oil & Gas Integrated,56489222802,31.34,12.15,28.24,2026-10-08T09:53:29+00:00
CVNA,Carvana Co,Consumer Cyclical,Auto & Truck Dealerships,45181926952,68.74,31.99,68.29,2026-10-08T09:53:29+00:00
CVS,CVS Health Corp,Healthcare,Healthcare Plans,112485407597,93.65,23.55,90.43,2026-10-08T09:53:29+00:00
CVX,Chevron Corp,Energy,Oil & Gas Integrated,402422843477,202.98,19.86,191.25,2026-10-08T09:53:29+00:00
CW,Curtiss-Wright Corporation,Industrials,Aerospace & Defense,18803303265,613.17,37.18,687.66,2026-10-08T09:53:29+00:00
CYTK,Cytokinetics Inc,Healthcare,Biotechnology,8497085612,72.51,,72.20,2026-10-08T09:53:29+00:00
CZR,Caesars Entertainment Corporation,Consumer Cyclical,Resorts & Casinos,6009383683,29.70,,28.75,2026-10-08T09:53:29+00:00
D,Dominion Energy Inc,Utilities,Utilities - Regulated Electric,54117233706,65.03,20.86,64.62,2026-10-08T09:53:29+00:00
DAL,Delta Air Lines Inc,Industrials,Airlines,54562981113,83.86,14.08,77.99,2026-10-08T09:53:29+00:00
DAR,Darling Ingredients Inc,Consumer Defensive,Packaged Foods,9471336132,63.52,17.84,60.70,2026-10-08T09:53:29+00:00
DASH,"DoorDash, Inc. Class A Common Stock",Consumer Cyclical,Internet Retail,78233035167,206.30,100.79,181.34,2026-10-08T09:53:29+00:00
DAVE,Dave Inc,Technology,Software - Application,3945223632,354.08,22.57,303.12,2026-10-08T09:53:29+00:00
DB,Deutsche Bank AG,Financial Services,Banks - Regional,63040448566,38.04,9.78,33.92,2026-10-08T09:53:29+00:00
DBX,Dropbox Inc,Technology,Software - Infrastructure,4707118861,34.51,19.65,29.01,2026-10-08T09:53:29+00:00
DD,Dupont De Nemours Inc,Basic Materials,Specialty Chemicals,17701436687,134.73,56.21,137.53,2026-10-08T09:53:29+00:00
DDOG,Datadog Inc,Technology,Software - Application,90873121474,246.19,526.86,207.35,2026-10-08T09:53:29+00:00
DDS,"Dillard's, Inc.",Consumer Cyclical,Department Stores,7701322168,632.67,14.91,591.94,2026-10-08T09:53:29+00:00
DE,Deere & Company,Industrials,Farm & Heavy Construction Machinery,177108572433,650.24,38.31,604.07,2026-10-08T09:53:29+00:00
DECK,Deckers Outdoor Corporation,Consumer Cyclical,Footwear & Accessories,10946308786,86.68,11.15,98.41,2026-10-08T09:53:29+00:00
DELL,Dell Technologies Inc,Technology,Computer Hardware,182623096611,497.93,31.65,358.34,2026-10-08T09:53:29+00:00
DEO,Diageo PLC ADR,Consumer Defensive,Beverages - Wineries & Distilleries,47101408866,89.57,27.64,83.28,2026-10-08T09:53:29+00:00
DFTX,"Definium Therapeutics, Inc.",Healthcare,Biotechnology,4714938051,40.72,,31.71,2026-10-08T09:53:29+00:00
DG,Dollar General Corporation,Consumer Defensive,Discount Stores,26946160245,123.66,16.15,119.09,2026-10-08T09:53:29+00:00
DGX,Quest Diagnostics Incorporated,Healthcare,Diagnostics & Research,25061293111,236.78,25.23,211.17,2026-10-08T09:53:29+00:00
DHI,DR Horton Inc,Consumer Cyclical,Residential Construction,37278548939,143.25,13.5,145.75,2026-10-08T09:53:29+00:00
DHR,Danaher Corporation,Healthcare,Diagnostics & Research,153595415002,209.83,40.02,193.47,2026-10-08T09:53:29+00:00
DINO,HF Sinclair Corp,Energy,Oil & Gas Refining & Marketing,20557163432,100.81,10.27,78.69,2026-10-08T09:53:29+00:00
DIS,Walt Disney Company,Communication Services,Entertainment,180870463250,104.74,21.86,101.36,2026-10-08T09:53:29+00:00
DK,Delek US Energy Inc,Energy,Oil & Gas Refining & Marketing,4620566664,70.30,20.4,54.69,2026-10-08T09:53:29+00:00
DKNG,DraftKings Inc,Consumer Cyclical,Gambling,9507093911,23.28,,24.17,2026-10-08T09:53:29+00:00
DKS,Dick’s Sporting Goods Inc,Consumer Cyclical,Specialty Retail,9832727531,156.10,14.81,193.18,2026-10-08T09:53:29+00:00
DLR,Digital Realty Trust Inc,Real Estate,Reit - Specialty,66954189983,186.44,86.13,185.13,2026-10-08T09:53:29+00:00
DLTR,Dollar Tree Inc,Consumer Defensive,Discount Stores,21821369573,123.52,14.23,113.79,2026-10-08T09:53:29+00:00
DOC,Healthpeak Properties Inc,Real Estate,Reit - Healthcare Facilities,12866573715,20.60,57.51,19.26,2026-10-08T09:53:29+00:00
DOCN,DigitalOcean Holdings Inc,Technology,Software - Infrastructure,14965582256,125.52,59.4,123.52,2026-10-08T09:53:29+00:00
DOCU,DocuSign Inc,Technology,Software - Application,12877548085,64.12,40.84,53.07,2026-10-08T09:53:29+00:00
DOV,Dover Corporation,Industrials,Specialty Industrial Machinery,25358896296,196.57,22.94,208.35,2026-10-08T09:53:29+00:00
DOW,Dow Inc,Basic Materials,Chemicals,20059409901,29.60,,32.87,2026-10-08T09:53:29+00:00
DPZ,Domino's Pizza Inc Common Stock,Consumer Cyclical,Restaurants,10027063472,327.18,16.56,331.20,2026-10-08T09:53:29+00:00
DRI,Darden Restaurants Inc,Consumer Cyclical,Restaurants,22877578204,211.74,19.18,202.95,2026-10-08T09:53:29+00:00
DT,Dynatrace Holdings LLC,Technology,Software - Application,17358596889,52.52,117.41,44.01,2026-10-08T09:53:29+00:00
DTE,DTE Energy Company,Utilities,Utilities - Regulated Electric,26477116675,132.71,19.12,140.58,2026-10-08T09:53:29+00:00
DTM,DT Midstream Inc,Energy,Oil & Gas Midstream,12516220599,128.41,26.73,135.86,2026-10-08T09:53:29+00:00
DUK,Duke Energy Corporation,Utilities,Utilities - Regulated Electric,90055581000,119.74,17.1,123.56,2026-10-08T09:53:29+00:00
DUOL,Duolingo Inc,Technology,Software - Application,6104772861,143.48,15.86,121.86,2026-10-08T09:53:29+00:00
DVA,DaVita HealthCare Partners Inc,Healthcare,Medical Care Facilities,11278563922,185.96,15.36,185.98,2026-10-08T09:53:29+00:00
DVN,Devon Energy Corporation,Energy,Oil & Gas E&P,52668001175,46.99,10.15,45.97,2026-10-08T09:53:29+00:00
DXCM,DexCom Inc,Healthcare,Medical Devices,31811533452,87.07,34.11,74.28,2026-10-08T09:53:29+00:00
DY,Dycom Industries Inc,Industrials,Engineering & Construction,8519275802,333.29,27.02,390.11,2026-10-08T09:53:29+00:00
EAT,Brinker International Inc,Consumer Cyclical,Restaurants,7739472048,219.08,19.57,175.50,2026-10-08T09:53:29+00:00
EBAY,eBay Inc,Consumer Cyclical,Internet Retail,47881999321,106.81,22.53,105.24,2026-10-08T09:53:29+00:00
ECHO,EchoStar Corporation,Communication Services,Telecom Services,15546582369,90.22,,106.58,2026-10-08T09:53:29+00:00
ECL,Ecolab Inc,Basic Materials,Specialty Chemicals,77959496611,278.67,37.25,269.75,2026-10-08T09:53:29+00:00
ED,Consolidated Edison Inc,Utilities,Utilities - Regulated Electric,38698906334,106.33,16.97,107.85,2026-10-08T09:53:29+00:00
EFX,Equifax Inc,Industrials,Consulting Services,16733387690,170.93,25.65,172.14,2026-10-08T09:53:29+00:00
EG,Everest Group Ltd,Financial Services,Insurance - Reinsurance,13891559742,371.30,7.81,351.61,2026-10-08T09:53:29+00:00
EGO,Eldorado Gold Corp,Basic Materials,Gold,9561294560,40.55,14.88,35.38,2026-10-08T09:53:29+00:00
EGP,EastGroup Properties Inc,Real Estate,Reit - Industrial,10246445314,199.41,35.42,197.90,2026-10-08T09:53:29+00:00
EHC,Encompass Health Corp,Healthcare,Medical Care Facilities,12083019771,120.73,20.28,109.54,2026-10-08T09:53:29+00:00
EIX,Edison International,Utilities,Utilities - Regulated Electric,20937729681,61.86,5.54,67.54,2026-10-08T09:53:29+00:00
EL,Estee Lauder Companies Inc,Consumer Defensive,Household & Personal Products,23356634195,94.27,192.59,85.46,2026-10-08T09:53:29+00:00
ELAN,Elanco Animal Health,Healthcare,Drug Manufacturers - Specialty & Generic,11167702305,23.59,,23.65,2026-10-08T09:53:29+00:00
ELF,ELF Beauty Inc,Consumer Defensive,Household & Personal Products,6197610168,98.25,97.89,76.74,2026-10-08T09:53:29+00:00
ELS,Equity Lifestyle Properties Inc,Real Estate,Reit - Residential,11251888611,62.04,28.64,62.60,2026-10-08T09:53:29+00:00
ELV,Elevance Health Inc,Healthcare,Healthcare Plans,87682304861,397.33,17.45,371.34,2026-10-08T09:53:29+00:00
EMBJ,Embraer S.A.,Industrials,Aerospace & Defense,12779163546,74.04,31.12,65.65,2026-10-08T09:53:29+00:00
EME,EMCOR Group Inc,Industrials,Engineering & Construction,34611272949,775.82,23.46,796.88,2026-10-08T09:53:29+00:00
EMR,Emerson Electric Company,Industrials,Specialty Industrial Machinery,88812916681,155.20,34.39,143.97,2026-10-08T09:53:29+00:00
ENB,Enbridge Inc,Energy,Oil & Gas Midstream,102281649800,49.59,25.28,52.34,2026-10-08T09:53:29+00:00
ENPH,Enphase Energy Inc,Technology,Solar,4426857500,36.75,36.35,41.67,2026-10-08T09:53:29+00:00
ENS,Enersys,Industrials,Electrical Equipment & Parts,6581538546,185.15,19.19,197.52,2026-10-08T09:53:29+00:00
ENTG,Entegris Inc,Technology,Semiconductor Equipment & Materials,25330537115,144.06,77.03,139.70,2026-10-08T09:53:29+00:00
EOG,EOG Resources Inc,Energy,Oil & Gas E&P,76810431666,144.47,10.72,138.61,2026-10-08T09:53:29+00:00
EOSE,Eos Energy Enterprises Inc,Industrials,Electrical Equipment & Parts,1121229666,3.66,,5.34,2026-10-08T09:53:29+00:00
EPAM,EPAM Systems Inc,Technology,Information Technology Services,5587903824,109.76,15.53,108.91,2026-10-08T09:53:29+00:00
EPD,Enterprise Products Partners LP,Energy,Oil & Gas Midstream,79706295740,38.07,12.45,37.36,2026-10-08T09:53:29+00:00
EQH,Axa Equitable Holdings Inc,Financial Services,Asset Management,14519334055,51.57,,45.01,2026-10-08T09:53:29+00:00
EQIX,Equinix Inc,Real Estate,Reit - Specialty,101806811367,1041.06,65.14,1036.85,2026-10-08T09:53:29+00:00
EQNR,Equinor ASA ADR,Energy,Oil & Gas Integrated,98609251896,42.07,11.27,38.42,2026-10-08T09:53:29+00:00
EQT,EQT Corporation,Energy,Oil & Gas E&P,32720742819,52.78,11.35,55.24,2026-10-08T09:53:29+00:00
EQX,Equinox Gold Corp,Basic Materials,Gold,12783686777,11.79,18.79,12.23,2026-10-08T09:53:29+00:00
ES,Eversource Energy,Utilities,Utilities - Regulated Electric,24574276195,68.76,16.58,69.10,2026-10-08T09:53:29+00:00
ESI,Element Solutions Inc,Basic Materials,Specialty Chemicals,9057808174,35.90,46.41,38.13,2026-10-08T09:53:29+00:00
ESS,Essex Property Trust Inc,Real Estate,Reit - Residential,17225428316,277.16,42.03,268.94,2026-10-08T09:53:29+00:00
ESTC,Elastic NV,Technology,Software - Application,9774661940,84.66,23.89,64.66,2026-10-08T09:53:29+00:00
ET,Energy Transfer LP,Energy,Oil & Gas Midstream,70484348636,20.77,13.54,19.52,2026-10-03T08:51:51+00:00
ETN,Eaton Corporation PLC,Industrials,Specialty Industrial Machinery,167528566785,424.19,44.07,403.63,2026-10-08T09:53:29+00:00
ETR,Entergy Corporation,Utilities,Utilities - Regulated Electric,49115477058,104.74,25.52,108.68,2026-10-08T09:53:29+00:00
ETSY,"Etsy, Inc.",Consumer Cyclical,Internet Retail,6561494984,77.64,22.67,69.36,2026-10-08T09:53:29+00:00
EVR,Evercore Partners Inc,Financial Services,Capital Markets,10278232004,285.86,14.5,314.61,2026-10-08T09:53:29+00:00
EVRG,"Evergy, Inc.",Utilities,Utilities - Regulated Electric,18514530804,81.10,19.86,81.77,2026-10-08T09:53:29+00:00
EW,Edwards Lifesciences Corp,Healthcare,Medical Devices,49443591296,88.68,50.71,85.87,2026-10-08T09:53:29+00:00
EWBC,East West Bancorp Inc,Financial Services,Banks - Regional,17163492780,129.36,11.9,123.26,2026-10-08T09:53:29+00:00
EXC,Exelon Corporation,Utilities,Utilities - Regulated Electric,42745240189,43.29,14.85,45.18,2026-10-08T09:53:29+00:00
EXE,Expand Energy Corporation,Energy,Oil & Gas E&P,21080860137,92.75,7.26,94.63,2026-10-08T09:53:29+00:00
EXEL,Exelixis Inc,Healthcare,Biotechnology,14480379740,55.99,18.22,51.14,2026-10-08T09:53:29+00:00
EXK,Endeavour Silver Corp.,Basic Materials,Silver,2463917990,9.80,53.58,9.37,2026-10-08T09:53:29+00:00
EXPD,"Expeditors International of Washington, Inc.",Industrials,Integrated Freight & Logistics,24808783143,186.05,26.9,165.77,2026-10-08T09:53:29+00:00
EXPE,Expedia Group Inc.,Consumer Cyclical,Travel Services,29639209463,296.73,16.56,260.42,2026-10-08T09:53:29+00:00
EXR,Extra Space Storage Inc,Real Estate,Reit - Industrial,27824258355,140.17,29.06,139.84,2026-10-08T09:53:29+00:00
F,Ford Motor Company,Consumer Cyclical,Auto Manufacturers,47470936832,13.61,,13.25,2026-10-08T09:53:29+00:00
FANG,Diamondback Energy Inc,Energy,Oil & Gas E&P,51868492314,196.66,35.4,192.61,2026-10-08T09:53:29+00:00
FAST,Fastenal Company,Industrials,Industrial Distribution,57179827441,50.06,43.38,46.89,2026-10-08T09:53:29+00:00
FBIN,Fortune Brands Innovations Inc.,Industrials,Building Products & Equipment,4595166415,43.65,32.85,42.60,2026-10-08T09:53:29+00:00
FCEL,FuelCell Energy Inc,Industrials,Electrical Equipment & Parts,1468755047,18.45,,16.60,2026-10-08T09:53:29+00:00
FCFS,FirstCash Inc,Financial Services,Credit Services,9088994302,215.71,25.95,212.51,2026-10-08T09:53:29+00:00
FCNCA,"First Citizens BancShares, Inc.",Financial Services,Banks - Regional,21312002727,2159.11,11.05,2047.82,2026-10-08T09:53:29+00:00
FCX,Freeport-McMoran Copper & Gold Inc,Basic Materials,Copper,103192254356,71.14,35.31,65.18,2026-10-08T09:53:29+00:00
FDS,FactSet Research Systems Inc,Financial Services,Financial Data & Stock Exchanges,9701557047,282.46,18.26,246.64,2026-10-08T09:53:29+00:00
FDX,FedEx Corporation,Industrials,Integrated Freight & Logistics,68407098822,311.12,15.36,308.23,2026-10-08T09:53:29+00:00
FDXF,"FedEx Freight Holding Company, Inc.",Industrials,Integrated Freight & Logistics,16967303142,129.29,29.29,,2026-10-08T09:53:29+00:00
FE,FirstEnergy Corporation,Utilities,Utilities - Regulated Electric,25795772260,45.96,23.33,47.01,2026-10-08T09:53:29+00:00
FER,Ferrovial SE,Industrials,Engineering & Construction,36436148101,59.29,55.73,64.21,2026-10-08T09:53:29+00:00
FERG,Ferguson Plc,Industrials,Industrial Distribution,41604001708,230.96,21.93,233.47,2026-10-08T09:53:29+00:00
FFIV,F5 Networks Inc,Technology,Software - Infrastructure,26424989204,415.24,35.44,373.95,2026-10-08T09:53:29+00:00
FHN,First Horizon Corporation,Financial Services,Banks - Regional,10892133122,24.45,11.08,24.12,2026-10-08T09:53:29+00:00
FICO,Fair Isaac Corporation,Technology,Software - Application,14724596174,992.68,19.16,1100.35,2026-10-08T09:53:29+00:00
FIG,"Figma, Inc.",Technology,Software - Application,9839565062,24.29,,22.41,2026-10-08T09:53:29+00:00
FIGR,"Figure Technology Solutions, Inc. Class A Common Stock",Financial Services,Capital Markets,5139401017,32.70,30.36,32.87,2026-10-08T09:53:29+00:00
FIS,Fidelity National Information Services Inc,Technology,Information Technology Services,17441176763,39.04,5.08,41.86,2026-10-08T09:53:29+00:00
FISV,"Fiserv, Inc.",Technology,Software,24558020744,50.56,9.88,53.76,2026-10-08T09:53:29+00:00
FITB,Fifth Third Bancorp,Financial Services,Banks - Regional,45453476191,54.05,17.13,51.46,2026-10-08T09:53:29+00:00
FIVE,Five Below Inc,Consumer Cyclical,Specialty Retail,11244229262,234.88,21.94,219.97,2026-10-08T09:53:29+00:00
FIX,Comfort Systems USA Inc,Industrials,Engineering & Construction,61285945732,1660.33,40.65,1698.73,2026-10-08T09:53:29+00:00
FLEX,Flex Ltd,Technology,Electronic Components,44084552667,114.29,44.93,112.67,2026-10-08T09:53:29+00:00
FLR,Fluor Corporation,Industrials,Engineering & Construction,6839514658,52.58,,49.93,2026-10-08T09:53:29+00:00
FLS,Flowserve Corporation,Industrials,Specialty Industrial Machinery,8964008333,76.47,25.94,75.05,2026-10-08T09:53:29+00:00
FLUT,Flutter Entertainment plc,Consumer Cyclical,Gambling,13162932885,93.99,,101.00,2026-10-08T09:53:29+00:00
FN,Fabrinet,Technology,Electronic Components,17845421501,448.86,32.48,545.08,2026-10-08T09:53:29+00:00
FND,Floor & Decor Holdings Inc,Consumer Cyclical,Home Improvement Retail,4879371768,51.89,22.12,52.26,2026-10-08T09:53:29+00:00
FNF,Fidelity National Financial Inc,Financial Services,Insurance - Specialty,10464890983,45.30,13.44,46.76,2026-10-08T09:53:29+00:00
FNV,Franco-Nevada Corporation,Basic Materials,Gold,45880441223,249.35,31.32,236.35,2026-10-08T09:53:29+00:00
FORM,FormFactor Inc,Technology,Semiconductor Equipment & Materials,10921316038,118.04,79.28,120.34,2026-10-08T09:53:29+00:00
FOUR,Shift4 Payments Inc,Technology,Software - Infrastructure,3078650533,43.72,70.39,44.57,2026-10-08T09:53:29+00:00
FOXA,Fox Corp Class A,Communication Services,Entertainment,12629347654,64.55,15.97,61.33,2026-10-08T09:53:29+00:00
FPS,"Forgent Power Solutions, Inc.",Industrials,Electrical Equipment & Parts,10567821547,35.27,1591,40.10,2026-10-08T09:53:29+00:00
FRMI,Fermi Inc.,Real Estate,Reit - Specialty,2542654008,5.36,,6.21,2026-10-08T09:53:29+00:00
FRO,Frontline Ltd,Energy,Oil & Gas Midstream,11812376686,43.51,7.38,36.49,2026-10-08T09:53:29+00:00
FROG,Jfrog Ltd,Technology,Software - Application,12101993338,90.87,,73.83,2026-10-08T09:53:29+00:00
FRT,Federal Realty Investment Trust,Real Estate,Reit - Retail,9132902843,114.12,21.55,113.59,2026-10-08T09:53:29+00:00
FRVO,Fervo Energy Company Class A common stock,Utilities,Utilities - Renewable,4009082737,17.61,,,2026-10-08T09:53:29+00:00
FSLR,First Solar Inc,Technology,Solar,19358571625,206.01,10.61,217.68,2026-10-08T09:53:29+00:00
FSLY,"Fastly, Inc. Class A Common Stock",Technology,Software - Application,4027104109,24.60,,22.90,2026-10-08T09:53:29+00:00
FTAI,FTAI Aviation Ltd.,Industrials,Aerospace & Defense,17956264998,195.36,36.55,227.61,2026-10-08T09:53:29+00:00
FTI,TechnipFMC PLC,Energy,Oil & Gas Equipment & Services,26824018198,73.73,24.06,71.29,2026-10-08T09:53:29+00:00
FTNT,Fortinet Inc,Technology,Software - Infrastructure,138877385024,165.84,63.27,133.53,2026-10-08T09:53:29+00:00
FTV,Fortive Corp,Technology,Scientific & Technical Instruments,17070000978,58.02,30.41,58.91,2026-10-08T09:53:29+00:00
FUTU,Futu Holdings Ltd,Financial Services,Capital Markets,10501860029,112.28,10.19,120.40,2026-10-08T09:53:29+00:00
FWONK,Liberty Media Corporation Series C Liberty Formula One Common Stock,Communication Services,Entertainment,21428573967,98.25,112.59,92.85,2026-10-08T09:53:29+00:00
GAP,"The Gap, Inc.",Consumer Cyclical,Apparel Retail,8293484914,21.16,6.48,21.86,2026-10-08T09:53:29+00:00
GD,General Dynamics Corporation,Industrials,Aerospace & Defense,88372034231,365.92,20.13,354.54,2026-10-08T09:53:29+00:00
GDDY,Godaddy Inc,Technology,Software - Infrastructure,12311451964,96.72,14.4,89.40,2026-10-08T09:53:29+00:00
GE,GE Aerospace,Industrials,Aerospace & Defense,315024872994,338.05,36.9,324.91,2026-10-08T09:53:29+00:00
GEHC,GE HealthCare Technologies Inc.,Healthcare,Medical Devices,29210532793,68.91,14.81,67.25,2026-10-08T09:53:29+00:00
GEN,Gen Digital Inc.,Technology,Software - Infrastructure,13402362565,27.71,12.86,24.31,2026-10-08T09:53:29+00:00
GEV,GE Vernova LLC,Industrials,Specialty Industrial Machinery,265558975213,966.27,28.36,985.37,2026-10-08T09:53:29+00:00
GFI,Gold Fields Ltd ADR,Basic Materials,Gold,31225939170,40.70,7.28,40.07,2026-10-08T09:53:29+00:00
GFL,Gfl Environmental Holdings Inc,Industrials,Waste Management,14675197400,41.83,,39.86,2026-10-08T09:53:29+00:00
GFS,Globalfoundries Inc,Technology,Semiconductors,26795131160,47.82,39.2,58.16,2026-10-08T09:53:29+00:00
GGG,Graco Inc,Industrials,Specialty Industrial Machinery,12541718155,79.18,24.45,79.23,2026-10-08T09:53:29+00:00
GH,Guardant Health Inc,Healthcare,Diagnostics & Research,22589212926,167.13,,131.65,2026-10-08T09:53:29+00:00
GILD,Gilead Sciences Inc,Healthcare,Drug Manufacturers - General,182087399318,143.50,,136.00,2026-10-08T09:53:29+00:00
GIS,General Mills Inc,Consumer Defensive,Packaged Foods,16987006235,36.90,,35.73,2026-10-08T09:53:29+00:00
GKOS,Glaukos Corp,Healthcare,Medical Devices,10155864688,172.81,,142.37,2026-10-08T09:53:29+00:00
GLND,Greenland Energy Company Common Stock,Energy,Oil & Gas E&P,118508844,2.17,,,2026-10-08T09:53:29+00:00
GLPI,Gaming & Leisure Properties,Real Estate,Reit - Specialty,10990919465,41.02,11.02,43.54,2026-10-08T09:53:29+00:00
GLW,Corning Incorporated,Technology,Electronic Components,140621591000,154.33,75.66,164.89,2026-10-08T09:53:29+00:00
GLXY,Galaxy Digital Holdings Ltd,Financial Services,Capital Markets,4157848726,23.00,,24.87,2026-10-08T09:53:29+00:00
GM,General Motors Company,Consumer Cyclical,Auto Manufacturers,73251565548,84.99,34.94,80.04,2026-10-08T09:53:29+00:00
GME,GameStop Corp.,Consumer Cyclical,Specialty Retail,12400634542,20.72,16.25,22.13,2026-10-08T09:53:29+00:00
GMED,Globus Medical,Healthcare,Medical Devices,8247610000,79.38,18.97,82.38,2026-10-08T09:53:29+00:00
GNRC,Generac Holdings Inc,Industrials,Specialty Industrial Machinery,13073225544,202.10,47.86,225.13,2026-10-08T09:53:29+00:00
GOOG,Alphabet Inc Class C,Communication Services,Internet Content & Information,1919913963013,342.80,17.07,343.54,2026-10-08T09:53:29+00:00
GOOGL,Alphabet Inc Class A,Communication Services,Internet Content & Information,2056438178000,345.54,17.24,345.83,2026-10-08T09:53:29+00:00
GPC,Genuine Parts Co,Consumer Cyclical,Auto Parts,17289023105,131.39,508.96,115.03,2026-10-08T09:53:29+00:00
GPN,Global Payments Inc,Industrials,Specialty Business Services,21455227925,87.73,37.86,76.35,2026-10-08T09:53:29+00:00
GRAB,Grab Holdings Ltd,Technology,Software - Application,12238432057,3.34,28,3.56,2026-10-08T09:53:29+00:00
GRAL,"GRAIL, LLC",Healthcare,Diagnostics & Research,5936137707,89.34,,69.18,2026-10-08T09:53:29+00:00
GRML,Greenland Mines Ltd,Basic Materials,Other Precious Metals & Mining,44400696,7.95,,14.15,2026-10-08T09:53:29+00:00
GRMN,Garmin Ltd,Technology,Scientific & Technical Instruments,53258285186,289.22,28.99,256.58,2026-10-08T09:53:29+00:00
GS,Goldman Sachs Group Inc,Financial Services,Capital Markets,258329829308,992.06,13.93,967.43,2026-10-08T09:53:29+00:00
GSK,GlaxoSmithKline PLC ADR,Healthcare,Drug Manufacturers - General,94205276217,50.17,15.07,51.52,2026-10-08T09:53:29+00:00
GTLB,Gitlab Inc,Technology,Software - Infrastructure,8604345278,44.61,,32.32,2026-10-08T09:53:29+00:00
GWRE,Guidewire Software Inc,Technology,Software - Application,13445211790,165.91,93.34,148.01,2026-10-08T09:53:29+00:00
GWW,WW Grainger Inc,Industrials,Industrial Distribution,59512458619,1295.03,32.82,1248.96,2026-10-08T09:53:29+00:00
H,Hyatt Hotels Corporation,Consumer Cyclical,Lodging,6537165401,168.12,196.17,170.82,2026-10-08T09:53:29+00:00
HAL,Halliburton Company,Energy,Oil & Gas Equipment & Services,26523886500,33.91,16.68,36.18,2026-10-08T09:53:29+00:00
HALO,Halozyme Therapeutics Inc,Healthcare,Biotechnology,12574443524,104.57,31.44,81.18,2026-10-08T09:53:29+00:00
HAS,Hasbro Inc,Consumer Cyclical,Leisure,12799743000,91.75,16.02,89.29,2026-10-08T09:53:29+00:00
HBAN,Huntington Bancshares Incorporated,Financial Services,Banks - Regional,30649695704,16.51,11.79,16.37,2026-10-08T09:53:29+00:00
HBM,Hudbay Minerals Inc.,Basic Materials,Copper,11490031523,26.97,16.27,24.82,2026-10-08T09:53:29+00:00
HCA,"HCA Healthcare, Inc.",Healthcare,Medical Care Facilities,95081186247,418.35,14.3,427.08,2026-10-08T09:53:29+00:00
HD,The Home Depot Inc,Consumer Cyclical,Home Improvement Retail,285109860339,318.10,19.77,323.66,2026-10-08T09:53:29+00:00
HDB,HDFC Bank Limited ADR,Financial Services,Banks - Regional,113788349743,23.07,15.62,24.68,2026-10-08T09:53:29+00:00
HEI,Heico Corporation,Industrials,Aerospace & Defense,16339478693,332.32,51.0,317.20,2026-10-08T09:53:29+00:00
HEI-A,HEICO Corporation,Industrials,Aerospace & Defense,18702545073,245.26,37.47,236.10,2026-10-08T09:53:29+00:00
HIG,Hartford Financial Services Group,Financial Services,Insurance - Diversified,34379073744,135.13,8.68,134.40,2026-10-08T09:53:29+00:00
HII,Huntington Ingalls Industries Inc,Industrials,Aerospace & Defense,10271597611,291.97,16.0,321.29,2026-10-08T09:53:29+00:00
HIMS,Hims Hers Health Inc,Healthcare,Drug Manufacturers - Specialty & Generic,6644609646,29.31,,27.94,2026-10-08T09:53:29+00:00
HL,Hecla Mining Company,Basic Materials,Other Precious Metals & Mining,11010277110,18.36,23.83,17.74,2026-10-08T09:53:29+00:00
HLI,Houlihan Lokey Inc,Financial Services,Capital Markets,6786673626,129.79,21.24,139.15,2026-10-08T09:53:29+00:00
HLN,Haleon plc,Healthcare,Drug Manufacturers - Specialty & Generic,39666705793,9.57,18.33,9.49,2026-10-08T09:53:29+00:00
HLT,Hilton Worldwide Holdings Inc,Consumer Cyclical,Lodging,72140084175,317.18,47.31,320.89,2026-10-08T09:53:29+00:00
HMY,Harmony Gold Mining Company Limited,Basic Materials,Gold,10324586737,19.28,6.16,17.15,2026-10-08T09:53:29+00:00
HNGE,"Hinge Health, Inc.",Healthcare,Health Information Services,6113216378,89.91,10.78,68.53,2026-10-08T09:53:29+00:00
HON,Honeywell International Inc,Industrials,Conglomerates,65958383593,219.34,8.23,228.49,2026-10-08T09:53:29+00:00
HONA,Honeywell Aerospace Inc,Industrials,Aerospace & Defense,48515998031,166.13,48.25,,2026-10-08T09:53:29+00:00
HOOD,Robinhood Markets Inc,Financial Services,Capital Markets,115536781000,106.44,,92.98,2026-10-08T09:53:29+00:00
HPE,Hewlett Packard Enterprise Co,Technology,Communication Equipment,28856375000,57.02,,42.51,2026-10-08T09:53:29+00:00
HPQ,HP Inc,Technology,Computer Hardware,22937045000,30.71,,24.60,2026-10-08T09:53:29+00:00
HRB,H&R Block Inc,Consumer Cyclical,Personal Services,5320160541,46.81,8.04,38.73,2026-10-08T09:53:29+00:00
HRI,Herc Holdings Inc,Industrials,Rental & Leasing Services,4159534727,148.77,79.56,134.71,2026-10-08T09:53:29+00:00
HRL,Hormel Foods Corporation,Consumer Defensive,Packaged Foods,12765464000,22.32,,22.50,2026-10-08T09:53:29+00:00
HSBC,HSBC Holdings PLC ADR,Financial Services,Banks - Diversified,244305592000,102.60,,94.33,2026-10-08T09:53:29+00:00
HST,Host Hotels & Resorts Inc,Real Estate,Reit - Hotel & Motel,12280643000,22.60,,21.61,2026-10-08T09:53:29+00:00
HSY,Hershey Co,Consumer Defensive,Confectioners,38139826000,174.76,,184.23,2026-10-08T09:53:29+00:00
HTFL,"Heartflow, Inc. Common Stock",Healthcare,Health Information Services,4292049493,43.61,,33.33,2026-10-08T09:53:29+00:00
HUBB,Hubbell Inc,Industrials,Electrical Equipment & Parts,22928241000,471.28,,486.63,2026-10-08T09:53:29+00:00
HUBS,HubSpot Inc,Technology,Software - Application,19355234000,230.53,,222.78,2026-10-08T09:53:29+00:00
HUM,Humana Inc,Healthcare,Healthcare Plans,29559513000,386.28,,318.04,2026-10-08T09:53:29+00:00
HUT,Hut 8 Corp. Common Stock,Financial Services,Capital Markets,11007029076,91.00,,89.73,2026-10-08T09:53:29+00:00
HWM,Howmet Aerospace Inc,Industrials,Aerospace & Defense,82347475000,254.58,,256.35,2026-10-08T09:53:29+00:00
IAG,IAMGold Corporation,Basic Materials,Gold,10295130392,18.98,10.23,17.87,2026-10-08T09:53:29+00:00
IBKR,Interactive Brokers Group Inc,Financial Services,Capital Markets,110529929000,90.45,,84.79,2026-10-08T09:53:29+00:00
IBM,International Business Machines,Technology,Information Technology Services,288440582000,231.71,,242.39,2026-10-08T09:53:29+00:00
IBN,ICICI Bank Limited,Financial Services,Banks - Regional,111625380000,29.19,,27.88,2026-10-08T09:53:29+00:00
IBRX,Immunitybio Inc,Healthcare,Biotechnology,10333401000,8.17,,7.90,2026-10-08T09:53:29+00:00
ICE,Intercontinental Exchange Inc,Financial Services,Financial Data & Stock Exchanges,90042155000,155.18,,150.91,2026-10-08T09:53:29+00:00
ICLR,ICON PLC,Healthcare,Diagnostics & Research,14387844000,166.90,,142.73,2026-10-08T09:53:29+00:00
IDXX,IDEXX Laboratories Inc,Healthcare,Diagnostics & Research,60233937000,541.38,,556.63,2026-10-08T09:53:29+00:00
IESC,IES Holdings Inc,Industrials,Engineering & Construction,12306473486,336.51,30.68,314.33,2026-10-08T09:53:29+00:00
IEX,IDEX Corporation,Industrials,Specialty Industrial Machinery,13094717000,229.80,,215.40,2026-10-08T09:53:29+00:00
IFF,International Flavors & Fragrances Inc,Basic Materials,Specialty Chemicals,17806828000,84.04,,77.14,2026-10-08T09:53:29+00:00
ILMN,Illumina Inc,Healthcare,Diagnostics & Research,20203864000,224.06,,174.86,2026-10-08T09:53:29+00:00
INCY,Incyte Corporation,Healthcare,Biotechnology,20507869000,123.10,,108.67,2026-10-08T09:53:29+00:00
INFQ,"Infleqtion, Inc.",Technology,Software - Infrastructure,2623155557,12.73,,12.58,2026-10-08T09:53:29+00:00
INFY,Infosys Ltd ADR,Technology,Information Technology Services,73449816000,11.58,,12.04,2026-10-08T09:53:29+00:00
INIO,INNIO N.V. Ordinary Shares,Industrials,Specialty Industrial Machinery,15255000114,22.15,705,,2026-10-08T09:53:29+00:00
INOD,Innodata Inc,Technology,Information Technology Services,2180550771,61.55,54.32,64.51,2026-10-08T09:53:29+00:00
INSM,Insmed Inc,Healthcare,Biotechnology,44311831000,119.72,,122.12,2026-10-08T09:53:29+00:00
INTC,Intel Corporation,Technology,Semiconductors,193471201000,102.31,,94.88,2026-10-08T09:53:29+00:00
INTU,Intuit Inc,Technology,Software - Application,176527884000,322.54,,343.04,2026-10-08T09:53:29+00:00
INVH,Invitation Homes Inc,Real Estate,Reit - Residential,17287182000,28.28,,27.72,2026-10-08T09:53:29+00:00
IONQ,IONQ Inc,Technology,Computer Hardware,16084294000,41.10,,43.78,2026-10-08T09:53:29+00:00
IONS,Ionis Pharmaceuticals Inc,Healthcare,Biotechnology,13400143000,53.18,,66.04,2026-10-08T09:53:29+00:00
IOT,Samsara Inc,Technology,Software - Infrastructure,21815325000,39.47,,34.63,2026-10-08T09:53:29+00:00
IOVA,Iovance Biotherapeutics Inc,Healthcare,Biotechnology,5852385355,8.78,,5.60,2026-10-08T09:53:29+00:00
IP,International Paper,Consumer Cyclical,Packaging & Containers,20846952000,37.50,,35.72,2026-10-08T09:53:29+00:00
IQV,IQVIA Holdings Inc,Healthcare,Diagnostics & Research,39170703000,256.19,,205.23,2026-10-08T09:53:29+00:00
IR,Ingersoll Rand Inc,Industrials,Specialty Industrial Machinery,31931333000,78.79,,79.03,2026-10-08T09:53:29+00:00
IREN,IREN Ltd,Financial Services,Capital Markets,13552486000,41.66,,45.39,2026-10-08T09:53:29+00:00
IRM,Iron Mountain Incorporated,Real Estate,Reit - Specialty,25524152000,117.68,,117.53,2026-10-08T09:53:29+00:00
ISRG,Intuitive Surgical Inc,Healthcare,Medical Instruments & Supplies,205579108000,383.43,,417.35,2026-10-08T09:53:29+00:00
IT,Gartner Inc,Technology,Information Technology Services,17626749000,184.54,,161.57,2026-10-08T09:53:29+00:00
ITGR,Integer Holdings Corp,Healthcare,Medical Devices,4303047156,124.63,34.52,101.14,2026-10-08T09:53:29+00:00
ITT,ITT Inc,Industrials,Specialty Industrial Machinery,14364481000,205.39,,199.78,2026-10-08T09:53:29+00:00
ITUB,Itau Unibanco Banco Holding SA,Financial Services,Banks - Regional,83504447000,8.09,,8.15,2026-10-08T09:53:29+00:00
ITW,Illinois Tool Works Inc,Industrials,Specialty Industrial Machinery,72665121000,275.77,,265.53,2026-10-08T09:53:29+00:00
IVZ,Invesco Plc,Financial Services,Asset Management,10903815000,31.39,,27.91,2026-10-08T09:53:29+00:00
J,Jacobs Solutions Inc.,Industrials,Engineering & Construction,16198255000,143.18,,131.18,2026-10-08T09:53:29+00:00
JAZZ,Jazz Pharmaceuticals PLC,Healthcare,Biotechnology,15007699008,245.86,16.84,226.99,2026-10-08T09:53:29+00:00
JBHT,JB Hunt Transport Services Inc,Industrials,Integrated Freight & Logistics,16839204000,257.28,,253.77,2026-10-08T09:53:29+00:00
JBL,Jabil Circuit Inc,Technology,Electronic Components,22613154000,316.49,,321.83,2026-10-08T09:53:29+00:00
JBLU,JetBlue Airways Corp,Industrials,Airlines,1497928651,4.90,,4.99,2026-10-08T09:53:29+00:00
JCI,Johnson Controls International PLC,Industrials,Building Products & Equipment,76111569000,146.58,,141.58,2026-10-08T09:53:29+00:00
JD,JD.com Inc Adr,Consumer Cyclical,Internet Retail,44011364000,28.75,,28.83,2026-10-08T09:53:29+00:00
JEF,Jefferies Financial Group Inc,Financial Services,Capital Markets,11873494000,51.46,,49.93,2026-10-08T09:53:29+00:00
JHX,James Hardie Industries PLC ADR,Basic Materials,Building Materials,11457716000,28.14,,24.21,2026-10-08T09:53:29+00:00
JKHY,Jack Henry & Associates Inc,Technology,Information Technology Services,12678624000,156.55,,149.91,2026-10-08T09:53:29+00:00
JLL,Jones Lang LaSalle Incorporated,Real Estate,Real Estate Services,15431594000,350.37,,324.49,2026-10-08T09:53:29+00:00
JNJ,Johnson & Johnson,Healthcare,Drug Manufacturers - General,498531336000,264.91,,246.40,2026-10-08T09:53:29+00:00
JOBY,Joby Aviation,Industrials,Airports & Air Services,13157031000,6.93,,8.47,2026-10-08T09:53:29+00:00
JPM,JPMorgan Chase & Co,Financial Services,Banks - Diversified,860892889000,349.09,,322.64,2026-10-08T09:53:29+00:00
JXN,Jackson Financial Inc,Financial Services,Insurance - Life,8825088907,131.85,144.21,116.07,2026-10-08T09:53:29+00:00
KDP,Keurig Dr Pepper Inc,Consumer Defensive,Beverages - Non-Alcoholic,37904470000,31.09,,29.49,2026-10-08T09:53:29+00:00
KEEL,Keel Infrastructure Corp.,Technology,Information Technology Services,2056518043,3.56,,3.80,2026-10-08T09:53:29+00:00
KEY,KeyCorp,Financial Services,Banks - Regional,20153960000,21.56,,21.38,2026-10-08T09:53:29+00:00
KEYS,Keysight Technologies Inc,Technology,Scientific & Technical Instruments,34018945000,338.43,,330.17,2026-10-08T09:53:29+00:00
KGC,Kinross Gold Corporation,Basic Materials,Gold,34365141000,27.60,,28.12,2026-10-08T09:53:29+00:00
KGS,"Kodiak Gas Services, Inc.",Energy,Oil & Gas Equipment & Services,5524322498,58.52,72.56,62.67,2026-10-08T09:53:29+00:00
KHC,Kraft Heinz Co,Consumer Defensive,Packaged Foods,30195053000,24.51,,23.38,2026-10-08T09:53:29+00:00
KIM,Kimco Realty Corporation,Real Estate,Reit - Retail,13990852000,23.44,,23.57,2026-10-08T09:53:29+00:00
KKR,KKR & Co LP,Financial Services,Asset Management,113249518000,102.63,,97.81,2026-10-08T09:53:29+00:00
KLAC,KLA-Tencor Corporation,Technology,Semiconductor Equipment & Materials,154791215000,187.09,,190.73,2026-10-08T09:53:29+00:00
KLAR,Klarna Group plc,Technology,Software - Infrastructure,13865023000,15.42,,15.82,2026-10-08T09:53:29+00:00
KMB,Kimberly-Clark Corporation,Consumer Defensive,Household & Personal Products,36212392000,103.60,,100.73,2026-10-08T09:53:29+00:00
KMI,Kinder Morgan Inc,Energy,Oil & Gas Midstream,60780450000,31.44,,31.84,2026-10-08T09:53:29+00:00
KMX,CarMax Inc,Consumer Cyclical,Auto & Truck Dealerships,7561017907,59.05,38.09,49.97,2026-10-08T09:53:29+00:00
KNX,Knight Transportation Inc,Industrials,Trucking,10354536546,68.22,251.74,67.64,2026-10-08T09:53:29+00:00
KO,The Coca-Cola Company,Consumer Defensive,Beverages - Non-Alcoholic,314684146000,87.67,,81.51,2026-10-08T09:53:29+00:00
KOD,Kodiak Sciences Inc,Healthcare,Biotechnology,5724287035,46.72,,40.16,2026-10-08T09:53:29+00:00
KR,Kroger Company,Consumer Defensive,Grocery Stores,44584989000,58.13,,62.56,2026-10-08T09:53:29+00:00
KRMN,Karman Holdings Inc.,Industrials,Aerospace & Defense,4160242179,44.30,130.67,60.09,2026-10-08T09:53:29+00:00
KRYS,Krystal Biotech Inc,Healthcare,Biotechnology,9606882733,341.13,42.19,314.24,2026-10-08T09:53:29+00:00
KTOS,Kratos Defense & Security Solutions,Industrials,Aerospace & Defense,12848777000,50.81,,58.85,2026-10-08T09:53:29+00:00
KVUE,Kenvue Inc.,Consumer Defensive,Household & Personal Products,33295864000,18.31,,17.73,2026-10-08T09:53:29+00:00
KVYO,"Klaviyo, Inc.",Technology,Software - Application,2453016749,17.54,545.33,17.32,2026-10-08T09:53:29+00:00
L,Loews Corp,Financial Services,Insurance - Property & Casualty,22375086000,110.00,,109.65,2026-10-08T09:53:29+00:00
LAD,Lithia Motors Inc,Consumer Cyclical,Auto & Truck Dealerships,6317283340,352.54,10.19,307.78,2026-10-08T09:53:29+00:00
LDOS,Leidos Holdings Inc,Technology,Information Technology Services,24517622000,130.28,,132.60,2026-10-08T09:53:29+00:00
LECO,Lincoln Electric Holdings Inc,Industrials,Tools & Accessories,13213244000,271.25,,262.32,2026-10-08T09:53:29+00:00
LEN,Lennar Corporation,Consumer Cyclical,Residential Construction,32427287000,82.60,,86.37,2026-10-08T09:53:29+00:00
LEU,Centrus Energy Corp.,Energy,Uranium,2903646034,167.70,80.59,178.93,2026-10-08T09:53:29+00:00
LH,Laboratory Corporation of America Holdings,Healthcare,Diagnostics & Research,22335617000,319.45,,284.35,2026-10-08T09:53:29+00:00
LHX,L3Harris Technologies Inc,Industrials,Aerospace & Defense,52141449000,260.42,,298.79,2026-10-08T09:53:29+00:00
LII,Lennox International Inc,Industrials,Building Products & Equipment,17522448000,389.82,,468.84,2026-10-08T09:53:29+00:00
LIN,Linde plc Ordinary Shares,Basic Materials,Specialty Chemicals,192402964000,478.24,,494.90,2026-10-08T09:53:29+00:00
LITE,Lumentum Holdings Inc,Technology,Communication Equipment,23057938000,903.21,,852.22,2026-10-08T09:53:29+00:00
LLY,Eli Lilly and Company,Healthcare,Drug Manufacturers - General,964112351000,1173.89,,1082.13,2026-10-08T09:53:29+00:00
LMT,Lockheed Martin Corporation,Industrials,Aerospace & Defense,106894303000,549.88,,550.99,2026-10-08T09:53:29+00:00
LNG,Cheniere Energy Inc,Energy,Oil & Gas Midstream,45812859000,272.89,,260.32,2026-10-08T09:53:29+00:00
LNT,Alliant Energy Corp,Utilities,Utilities - Regulated Electric,17857520000,67.54,,70.68,2026-10-08T09:53:29+00:00
LNTH,Lantheus Holdings Inc,Healthcare,Drug Manufacturers - Specialty & Generic,6541754020,100.48,24,95.19,2026-10-08T09:53:29+00:00
LOW,Lowe's Companies Inc,Consumer Cyclical,Home Improvement Retail,136019517000,203.21,,217.62,2026-10-08T09:53:29+00:00
LPLA,LPL Financial Holdings Inc,Financial Services,Capital Markets,28496597000,346.09,,317.46,2026-10-08T09:53:29+00:00
LQDA,Liquidia Technologies Inc,Healthcare,Drug Manufacturers - Specialty & Generic,2388100147,68.43,46.65,59.78,2026-10-08T09:53:29+00:00
LRCX,Lam Research Corp,Technology,Semiconductor Equipment & Materials,196721050000,308.65,,297.34,2026-10-08T09:53:29+00:00
LSCC,Lattice Semiconductor Corporation,Technology,Semiconductors,9611438000,121.50,,122.19,2026-10-08T09:53:29+00:00
LTH,Life Time Group Holdings Inc,Consumer Cyclical,Leisure,9050211000,42.60,22.69,35.97,2026-10-08T09:53:29+00:00
LULU,Lululemon Athletica Inc.,Consumer Cyclical,Apparel Retail,22074065000,110.46,,127.14,2026-10-08T09:53:29+00:00
LUNR,Intuitive Machines Inc. ,Industrials,Aerospace & Defense,2312113296,15.38,,21.00,2026-10-08T09:53:29+00:00
LUV,Southwest Airlines Company,Industrials,Airlines,18281785000,41.90,,42.30,2026-10-08T09:53:29+00:00
LVS,Las Vegas Sands Corp,Consumer Cyclical,Resorts & Casinos,46788682000,43.17,,48.17,2026-10-08T09:53:29+00:00
LYB,LyondellBasell Industries NV,Basic Materials,Specialty Chemicals,15768557000,62.08,,65.03,2026-10-08T09:53:29+00:00
LYFT,LYFT Inc,Technology,Software - Application,5905224144,16.24,2.314,14.81,2026-10-08T09:53:29+00:00
LYG,Lloyds Banking Group PLC ADR,Financial Services,Banks - Regional,74998522000,5.92,,5.55,2026-10-08T09:53:29+00:00
LYV,Live Nation Entertainment Inc,Communication Services,Entertainment,30523904000,176.75,,169.52,2026-10-08T09:53:29+00:00
M,Macy’s Inc,Consumer Cyclical,Department Stores,5952224069,22.96,8.27,21.36,2026-10-08T09:53:29+00:00
MA,Mastercard Inc,Financial Services,Credit Services,497685660000,571.64,,527.73,2026-10-08T09:53:29+00:00
MAA,Mid-America Apartment Communities Inc,Real Estate,Reit - Residential,16311067000,126.68,,128.10,2026-10-08T09:53:29+00:00
MANH,Manhattan Associates Inc,Technology,Software - Application,10669683000,205.38,,162.86,2026-10-08T09:53:29+00:00
MAR,Marriott International Inc,Consumer Cyclical,Lodging,82737635000,350.32,,356.57,2026-10-08T09:53:29+00:00
MARA,Marathon Digital Holdings Inc,Financial Services,Capital Markets,4002057507,11.20,,11.54,2026-10-08T09:53:29+00:00
MAS,Masco Corporation,Industrials,Building Products & Equipment,13581420000,71.37,,70.06,2026-10-08T09:53:29+00:00
MCD,McDonald’s Corporation,Consumer Cyclical,Restaurants,222516134000,256.09,,276.34,2026-10-08T09:53:29+00:00
MCHP,Microchip Technology Inc,Technology,Semiconductors,28957143000,75.79,,80.38,2026-10-08T09:53:29+00:00
MCK,McKesson Corporation,Healthcare,Medical Distribution,109597573000,880.98,,838.79,2026-10-08T09:53:29+00:00
MCO,Moodys Corporation,Financial Services,Financial Data & Stock Exchanges,88025637000,478.90,,462.32,2026-10-08T09:53:29+00:00
MDB,MongoDB,Technology,Software - Infrastructure,27159386000,392.96,,329.92,2026-10-08T09:53:29+00:00
MDGL,Madrigal Pharmaceuticals Inc,Healthcare,Biotechnology,11268331680,520.12,,511.64,2026-10-08T09:53:29+00:00
MDLN,Medline Inc. Class A Common Stock,Healthcare,Medical Instruments & Supplies,31102093619,35.09,40.74,38.84,2026-10-08T09:53:29+00:00
MDLZ,Mondelez International Inc,Consumer Defensive,Confectioners,74492436000,61.32,,59.50,2026-10-08T09:53:29+00:00
MDT,Medtronic PLC,Healthcare,Medical Devices,135097950000,89.44,,83.89,2026-10-08T09:53:29+00:00
MEDP,Medpace Holdings Inc,Healthcare,Diagnostics & Research,16688547000,601.46,,519.39,2026-10-08T09:53:29+00:00
MELI,MercadoLibre Inc.,Consumer Cyclical,Internet Retail,105033810000,1862.41,,1771.56,2026-10-08T09:53:29+00:00
MET,MetLife Inc,Financial Services,Insurance - Life,50914394000,96.43,,85.51,2026-10-08T09:53:29+00:00
META,Meta Platforms Inc.,Communication Services,Internet Content & Information,1633175863000,633.08,,619.72,2026-10-08T09:53:29+00:00
MGM,MGM Resorts International,Consumer Cyclical,Resorts & Casinos,7547790000,40.04,19.75,41.02,2026-10-08T09:53:29+00:00
MGY,Magnolia Oil & Gas Corp,Energy,Oil & Gas E&P,5765455752,25.82,12.06,27.32,2026-10-08T09:53:29+00:00
MHK,Mohawk Industries Inc,Consumer Cyclical,"Furnishings, Fixtures & Appliances",8073014861,128.93,17.16,113.62,2026-10-08T09:53:29+00:00
MKC,McCormick & Company Incorporated,Consumer Defensive,Packaged Foods,18109991000,51.36,,50.81,2026-10-08T09:53:29+00:00
MKL,Markel Corporation,Financial Services,Insurance - Property & Casualty,26321727000,1803.94,,1866.35,2026-10-08T09:53:29+00:00
MKSI,MKS Instruments Inc,Technology,Scientific & Technical Instruments,18469856287,273.89,38.1,292.94,2026-10-08T09:53:29+00:00
MKTX,MarketAxess Holdings Inc,Financial Services,Capital Markets,5777618329,162.06,19.28,148.95,2026-10-08T09:53:29+00:00
MLI,Mueller Industries Inc,Industrials,Metal Fabrication,12197068000,63.29,,62.58,2026-10-08T09:53:29+00:00
MLM,Martin Marietta Materials Inc,Basic Materials,Building Materials,37585826000,516.11,,562.95,2026-10-08T09:53:29+00:00
MMM,3M Company,Industrials,Conglomerates,91638940000,172.20,,158.80,2026-10-08T09:53:29+00:00
MNDY,Monday.Com Ltd,Technology,Software - Application,3530310181,88.76,40.72,79.36,2026-10-08T09:53:29+00:00
MNST,Monster Beverage Corp,Consumer Defensive,Beverages - Non-Alcoholic,73266815000,45.21,,43.29,2026-10-08T09:53:29+00:00
MO,Altria Group,Consumer Defensive,Tobacco,99130360000,67.43,,67.59,2026-10-08T09:53:29+00:00
MOD,Modine Manufacturing Company,Consumer Cyclical,Auto Parts,10061726850,190.48,67.72,228.18,2026-10-08T09:53:29+00:00
MOH,Molina Healthcare Inc,Healthcare,Healthcare Plans,8035692000,197.96,,187.32,2026-10-08T09:53:29+00:00
MOS,The Mosaic Company,Basic Materials,Agricultural Inputs,7773319000,23.33,,23.26,2026-10-08T09:53:29+00:00
MP,MP Materials Corp,Basic Materials,Other Industrial Metals & Mining,10979428000,51.34,,55.41,2026-10-08T09:53:29+00:00
MPC,Marathon Petroleum Corp,Energy,Oil & Gas Refining & Marketing,58897854000,372.79,,291.96,2026-10-08T09:53:29+00:00
MPWR,Monolithic Power Systems Inc,Technology,Semiconductors,44465840000,1311.34,,1359.23,2026-10-08T09:53:29+00:00
MRK,Merck & Company Inc,Healthcare,Drug Manufacturers - General,261842633000,142.35,,125.79,2026-10-08T09:53:29+00:00
MRNA,Moderna Inc,Healthcare,Biotechnology,10151259000,132.07,,80.48,2026-10-08T09:53:29+00:00
MRSH,"Marsh & McLennan Companies, Inc.",Financial Services,Insurance Brokers,82872464008,182.09,22.03,173.23,2026-10-08T09:53:29+00:00
MRVL,Marvell Technology Group Ltd,Technology,Semiconductors,77080682000,232.43,,199.24,2026-10-08T09:53:29+00:00
MS,Morgan Stanley,Financial Services,Capital Markets,270834336000,208.00,,198.18,2026-10-08T09:53:29+00:00
MSCI,MSCI Inc,Financial Services,Financial Data & Stock Exchanges,42357658000,559.30,,570.59,2026-10-08T09:53:29+00:00
MSFT,Microsoft Corporation,Technology,Software - Infrastructure,3657192178000,495.84,,430.26,2026-10-08T09:53:29+00:00
MSGS,Madison Square Garden Sports Corp,Communication Services,Entertainment,7917325512,398.12,1278.39,368.59,2026-10-08T09:53:29+00:00
MSI,Motorola Solutions Inc,Technology,Communication Equipment,61590122000,461.97,,436.26,2026-10-08T09:53:29+00:00
MSTR,MicroStrategy Incorporated,Technology,Software - Application,50913333000,127.52,,132.03,2026-10-08T09:53:29+00:00
MT,ArcelorMittal SA ADR,Basic Materials,Steel,32797071000,72.20,,64.74,2026-10-08T09:53:29+00:00
MTB,M&T Bank Corporation,Financial Services,Banks - Regional,29725546000,235.94,,224.22,2026-10-08T09:53:29+00:00
MTCH,Match Group Inc,Communication Services,Internet Content & Information,9531289762,40.33,15.74,36.64,2026-10-08T09:53:29+00:00
MTD,Mettler-Toledo International Inc,Healthcare,Diagnostics & Research,30419014000,1419.60,,1292.52,2026-10-08T09:53:29+00:00
MTDR,Matador Resources Company,Energy,Oil & Gas E&P,6540398711,54.70,10.49,55.31,2026-10-08T09:53:29+00:00
MTN,Vail Resorts Inc,Consumer Cyclical,Resorts & Casinos,5155098380,143.17,30.13,135.70,2026-10-08T09:53:29+00:00
MTSI,MACOM Technology Solutions Holdings Inc,Technology,Semiconductors,25653782890,280.18,76.56,295.86,2026-10-08T09:53:29+00:00
MTZ,MasTec Inc,Industrials,Engineering & Construction,16876833000,246.06,,323.94,2026-10-08T09:53:29+00:00
MU,Micron Technology Inc,Technology,Semiconductors,266122707000,967.16,,801.61,2026-10-08T09:53:29+00:00
MUSA,Murphy USA Inc,Consumer Cyclical,Specialty Retail,9401890854,538.06,16.14,537.86,2026-10-08T09:53:29+00:00
MXL,MaxLinear Inc,Technology,Semiconductors,9736800535,75.18,,67.17,2026-10-08T09:53:29+00:00
NAVN,"Navan, Inc. Class A Common Stock",Technology,Software - Application,5465974848,25.41,,20.54,2026-10-08T09:53:29+00:00
NBIS,Nebius Group N.V.,Communication Services,Internet Content & Information,23888951000,222.34,,195.32,2026-10-08T09:53:29+00:00
NBIX,Neurocrine Biosciences Inc,Healthcare,Drug Manufacturers - Specialty & Generic,15171219000,153.62,,151.09,2026-10-08T09:53:29+00:00
NCLH,Norwegian Cruise Line Holdings Ltd,Consumer Cyclical,Travel Services,8404053000,16.48,,18.18,2026-10-08T09:53:29+00:00
NDAQ,Nasdaq Inc,Financial Services,Financial Data & Stock Exchanges,52169466000,94.61,,89.60,2026-10-08T09:53:29+00:00
NDSN,Nordson Corporation,Industrials,Specialty Industrial Machinery,13429917000,316.87,,292.69,2026-10-08T09:53:29+00:00
NEE,Nextera Energy Inc,Utilities,Utilities - Regulated Electric,179708396000,82.05,,86.82,2026-10-08T09:53:29+00:00
NEM,Newmont Goldcorp Corp,Basic Materials,Gold,99662340000,119.06,,109.96,2026-10-08T09:53:29+00:00
NET,Cloudflare Inc,Technology,Software - Infrastructure,70129795000,313.04,,255.08,2026-10-08T09:53:29+00:00
NEU,NewMarket Corporation,Basic Materials,Specialty Chemicals,8330375169,900.18,18.94,771.36,2026-10-08T09:53:29+00:00
NFLX,Netflix Inc,Communication Services,Entertainment,455851246000,75.42,,82.73,2026-10-08T09:53:29+00:00
NI,NiSource Inc,Utilities,Utilities - Regulated Gas,20883753000,41.32,,44.82,2026-10-08T09:53:29+00:00
NIO,Nio Inc Class A ADR,Consumer Cyclical,Auto Manufacturers,13907626000,4.09,,5.09,2026-10-08T09:53:29+00:00
NKE,Nike Inc,Consumer Cyclical,Footwear & Accessories,95536153000,38.26,,42.75,2026-10-08T09:53:29+00:00
NKTR,Nektar Therapeutics,Healthcare,Biotechnology,1374597123,67.67,,70.72,2026-10-08T09:53:29+00:00
NLY,"Annaly Capital Management, Inc.",Real Estate,Reit - Mortgage,15573112000,21.22,,20.84,2026-10-08T09:53:29+00:00
NOC,Northrop Grumman Corporation,Industrials,Aerospace & Defense,81936458000,532.83,,571.24,2026-10-08T09:53:29+00:00
NOK,Nokia Corp ADR,Technology,Communication Equipment,33716548000,10.16,,11.13,2026-10-08T09:53:29+00:00
NOW,ServiceNow Inc,Technology,Software - Application,169103950000,131.13,,112.09,2026-10-08T09:53:29+00:00
NRG,NRG Energy Inc.,Utilities,Utilities - Independent Power Producers,32784587000,112.27,,133.07,2026-10-08T09:53:29+00:00
NSC,Norfolk Southern Corporation,Industrials,Railroads,65541087000,329.32,,314.70,2026-10-08T09:53:29+00:00
NTAP,NetApp Inc,Technology,Software - Infrastructure,22269426000,195.85,,152.79,2026-10-08T09:53:29+00:00
NTES,NetEase Inc,Communication Services,Electronic Gaming & Multimedia,88795415000,122.24,,119.69,2026-10-08T09:53:29+00:00
NTNX,Nutanix Inc,Technology,Software - Infrastructure,12943551000,66.95,,52.90,2026-10-08T09:53:29+00:00
NTR,Nutrien Ltd,Basic Materials,Agricultural Inputs,28331094000,72.31,,70.45,2026-10-08T09:53:29+00:00
NTRA,Natera Inc,Healthcare,Diagnostics & Research,32959234000,340.06,,260.59,2026-10-08T09:53:29+00:00
NTRS,Northern Trust Corporation,Financial Services,Asset Management,25041361000,181.22,,168.23,2026-10-08T09:53:29+00:00
NTSK,"Netskope, Inc. Class A Common Stock",Technology,Software - Infrastructure,5139677339,15.68,,12.25,2026-10-08T09:53:29+00:00
NU,Nu Holdings Ltd,Financial Services,Banks - Regional,84264559000,14.31,,13.91,2026-10-08T09:53:29+00:00
NUE,Nucor Corp,Basic Materials,Steel,36500668000,255.03,,228.45,2026-10-08T09:53:29+00:00
NVDA,NVIDIA Corporation,Technology,Semiconductors,4316597584000,220.44,,206.58,2026-10-08T09:53:29+00:00
NVMI,Nova Ltd,Technology,Semiconductor Equipment & Materials,12015427825,376.24,41.62,451.83,2026-10-08T09:53:29+00:00
NVO,Novo Nordisk A/S,Healthcare,Drug Manufacturers - General,219285717000,43.80,,42.88,2026-10-08T09:53:29+00:00
NVR,NVR Inc,Consumer Cyclical,Residential Construction,20743424000,6258.86,,6368.28,2026-10-08T09:53:29+00:00
NVS,Novartis AG ADR,Healthcare,Drug Manufacturers - General,250210468000,149.60,,150.68,2026-10-08T09:53:29+00:00
NVT,nVent Electric PLC,Industrials,Electrical Equipment & Parts,17309039000,158.75,,151.53,2026-10-08T09:53:29+00:00
NVTS,Navitas Semiconductor Corp,Technology,Semiconductors,2950350950,12.09,,14.71,2026-10-08T09:53:29+00:00
NWSA,News Corp A,Communication Services,Entertainment,15027854000,29.36,,26.97,2026-10-08T09:53:29+00:00
NXPI,NXP Semiconductors NV,Technology,Semiconductors,49147220000,230.46,,249.21,2026-10-08T09:53:29+00:00
NXT,Nextracker Inc. Class A Common Stock,Technology,Solar,13906233000,87.86,,108.54,2026-10-08T09:53:29+00:00
NYT,New York Times Company,Communication Services,Publishing,10416644945,66.90,29.88,73.47,2026-10-08T09:53:29+00:00
O,Realty Income Corporation,Real Estate,Reit - Retail,52995772000,59.50,,60.80,2026-10-08T09:53:29+00:00
OC,Owens Corning Inc,Industrials,Building Products & Equipment,9469985000,136.20,,126.81,2026-10-08T09:53:29+00:00
ODFL,Old Dominion Freight Line Inc,Industrials,Trucking,28433648000,193.36,,206.00,2026-10-08T09:53:29+00:00
OHI,Omega Healthcare Investors Inc,Real Estate,Reit - Healthcare Facilities,13947695000,46.89,,46.35,2026-10-08T09:53:29+00:00
OKE,ONEOK Inc,Energy,Oil & Gas Midstream,45858828000,92.02,,88.80,2026-10-08T09:53:29+00:00
OKLO,Oklo Inc.,Utilities,Utilities - Independent Power Producers,14277857000,40.40,,52.19,2026-10-08T09:53:29+00:00
OKTA,Okta Inc,Technology,Software - Infrastructure,14161046000,169.61,,123.57,2026-10-08T09:53:29+00:00
OLLI,Ollie's Bargain Outlet Hldg,Consumer Defensive,Discount Stores,5116294097,77.98,17.23,81.64,2026-10-08T09:53:29+00:00
OMC,Omnicom Group Inc,Communication Services,Advertising Agencies,22727834000,80.76,,77.23,2026-10-08T09:53:29+00:00
ON,ON Semiconductor Corporation,Technology,Semiconductors,20546853000,76.54,,87.00,2026-10-08T09:53:29+00:00
ONB,Old National Bancorp,Financial Services,Banks - Regional,9342359429,25.75,11.28,24.46,2026-10-08T09:53:29+00:00
ONC,"BeiGene, Ltd.",Healthcare,Biotechnology,37691199000,355.43,,316.15,2026-10-08T09:53:29+00:00
ONDS,Ondas Holdings Inc.,Technology,Communication Equipment,4186672323,7.96,,8.95,2026-10-08T09:53:29+00:00
ONON,On Holding Ltd,Consumer Cyclical,Footwear & Accessories,14524048000,30.87,,34.90,2026-10-08T09:53:29+00:00
ONTO,Onto Innovation Inc,Technology,Semiconductor Equipment & Materials,18605840827,285.98,93.55,274.89,2026-10-08T09:53:29+00:00
OPEN,Opendoor Technologies Inc,Real Estate,Real Estate Services,2189952972,3.10,,4.22,2026-10-08T09:53:29+00:00
ORA,Ormat Technologies Inc,Utilities,Utilities - Renewable,5532885165,100.75,47.72,112.08,2026-10-08T09:53:29+00:00
ORCL,Oracle Corporation,Technology,Software - Infrastructure,575717573000,145.11,,158.56,2026-10-08T09:53:29+00:00
ORLY,O’Reilly Automotive Inc,Consumer Cyclical,Auto Parts,86041485000,88.07,,89.64,2026-10-08T09:53:29+00:00
OSCR,Oscar Health Inc,Healthcare,Healthcare Plans,8999864748,30.96,25.95,24.69,2026-10-08T09:53:29+00:00
OTIS,Otis Worldwide Corp,Industrials,Specialty Industrial Machinery,34871423000,69.89,,73.26,2026-10-08T09:53:29+00:00
OUST,"Ouster, Inc. Common Stock",Technology,Electronic Components,3004906908,39.47,,34.90,2026-10-08T09:53:29+00:00
OVV,Ovintiv Inc,Energy,Oil & Gas E&P,10528249000,62.60,,58.55,2026-10-08T09:53:29+00:00
OWL,Blue Owl Capital Inc,Financial Services,Asset Management,23448199000,10.75,,9.67,2026-10-08T09:53:29+00:00
OXY,Occidental Petroleum Corporation,Energy,Oil & Gas E&P,41378836000,58.40,,56.95,2026-10-08T09:53:29+00:00
P,"Everpure, Inc.",Technology,Computer Hardware,50870435040,106.49,127.59,83.13,2026-10-08T09:53:29+00:00
PAAS,Pan American Silver Corp.,Basic Materials,Gold,19274885000,48.90,,50.70,2026-10-08T09:53:29+00:00
PANW,Palo Alto Networks Inc,Technology,Software - Infrastructure,130045641000,367.30,,280.58,2026-10-08T09:53:29+00:00
PATH,Uipath Inc,Technology,Software - Infrastructure,5965997411,14.69,21.89,12.25,2026-10-08T09:53:29+00:00
PAYC,Paycom Soft,Technology,Software - Application,9066875000,217.39,,160.32,2026-10-08T09:53:29+00:00
PAYX,Paychex Inc,Technology,Software - Application,40196579000,116.14,,102.65,2026-10-08T09:53:29+00:00
PBF,PBF Energy Inc,Energy,Oil & Gas Refining & Marketing,9919176196,72.93,6.17,54.42,2026-10-08T09:53:29+00:00
PBR,Petroleo Brasileiro Petrobras SA ADR,Energy,Oil & Gas Integrated,84279280000,19.70,,18.86,2026-10-08T09:53:29+00:00
PCAR,PACCAR Inc,Industrials,Farm & Heavy Construction Machinery,55367041000,123.04,,120.18,2026-10-08T09:53:29+00:00
PCG,PG&E Corp,Utilities,Utilities - Regulated Electric,35430318000,15.10,,16.37,2026-10-08T09:53:29+00:00
PCOR,Procore Technologies Inc,Technology,Software - Application,11514098000,56.09,,52.01,2026-10-08T09:53:29+00:00
PCTY,Paylocity Holding Corporation,Technology,Software - Application,8195275557,147.42,30.11,122.78,2026-10-08T09:53:29+00:00
PDD,PDD Holdings Inc.,Consumer Cyclical,Internet Retail,164792566000,83.40,,89.46,2026-10-08T09:53:29+00:00
PEG,Public Service Enterprise Group Inc,Utilities,Utilities - Regulated Electric,41689338000,72.23,,76.84,2026-10-08T09:53:29+00:00
PEN,Penumbra Inc,Healthcare,Medical Devices,11481176000,321.46,,323.91,2026-10-08T09:53:29+00:00
PEP,PepsiCo Inc,Consumer Defensive,Beverages - Non-Alcoholic,203636556000,135.30,,142.50,2026-10-08T09:53:29+00:00
PFE,Pfizer Inc,Healthcare,Drug Manufacturers - General,146350113000,27.50,,26.10,2026-10-08T09:53:29+00:00
PFG,Principal Financial Group Inc,Financial Services,Asset Management,18895219000,113.19,,104.16,2026-10-08T09:53:29+00:00
PFGC,Performance Food Group Co,Consumer Defensive,Food Distribution,15221755000,100.57,,97.96,2026-10-08T09:53:29+00:00
PG,Procter & Gamble Company,Consumer Defensive,Household & Personal Products,346766311000,145.68,,145.39,2026-10-08T09:53:29+00:00
PGR,Progressive Corp,Financial Services,Insurance - Property & Casualty,134162448000,214.06,,208.23,2026-10-08T09:53:29+00:00
PH,Parker-Hannifin Corporation,Industrials,Specialty Industrial Machinery,109043032000,986.22,,942.95,2026-10-08T09:53:29+00:00
PHM,PulteGroup Inc,Consumer Cyclical,Residential Construction,25094279000,123.77,,122.50,2026-10-08T09:53:29+00:00
PINS,Pinterest Inc,Communication Services,Internet Content & Information,17759762000,21.37,,20.68,2026-10-08T09:53:29+00:00
PKG,Packaging Corp of America,Consumer Cyclical,Packaging & Containers,18361971000,240.44,,225.91,2026-10-08T09:53:29+00:00
PL,Planet Labs PBC,Industrials,Aerospace & Defense,6041283500,19.64,,28.56,2026-10-08T09:53:29+00:00
PLD,Prologis Inc,Real Estate,Reit - Industrial,119387275000,136.78,,137.94,2026-10-08T09:53:29+00:00
PLNT,Planet Fitness Inc,Consumer Cyclical,Leisure,3241100541,49.40,17.4,57.00,2026-10-08T09:53:29+00:00
PLTR,Palantir Technologies Inc.,Technology,Software - Infrastructure,401489822000,173.73,,149.98,2026-10-08T09:53:29+00:00
PLUG,Plug Power Inc,Industrials,Electrical Equipment & Parts,2487007060,2.10,,2.57,2026-10-08T09:53:29+00:00
PM,Philip Morris International Inc,Consumer Defensive,Tobacco,245139456000,188.18,,177.57,2026-10-08T09:53:29+00:00
PNC,PNC Financial Services Group Inc,Financial Services,Banks - Regional,74940940000,240.17,,228.98,2026-10-08T09:53:29+00:00
PNFP,"Pinnacle Financial Partners, Inc.",Financial Services,Banks - Regional,14067108617,100.38,13.8,96.17,2026-10-08T09:53:29+00:00
PNR,Pentair PLC,Industrials,Specialty Industrial Machinery,17252127000,60.32,,72.52,2026-10-08T09:53:29+00:00
PNW,Pinnacle West Capital Corp,Utilities,Utilities - Regulated Electric,10875069000,97.36,,100.16,2026-10-08T09:53:29+00:00
PODD,Insulet Corporation,Healthcare,Medical Devices,23031734000,143.41,,165.87,2026-10-08T09:53:29+00:00
POOL,Pool Corporation,Industrials,Industrial Distribution,9090666000,180.66,,193.09,2026-10-08T09:53:29+00:00
POWL,Powell Industries Inc,Industrials,Electrical Equipment & Parts,7204182524,192.92,32.79,228.28,2026-10-08T09:53:29+00:00
PPG,PPG Industries Inc,Basic Materials,Specialty Chemicals,22579028000,110.27,,110.19,2026-10-08T09:53:29+00:00
PPL,PPL Corporation,Utilities,Utilities - Regulated Electric,27296377000,34.11,,35.65,2026-10-08T09:53:29+00:00
PR,Permian Resources Corporation,Energy,Oil & Gas E&P,12209587000,22.19,,20.55,2026-10-08T09:53:29+00:00
PRAX,Praxis Precision Medicines Inc,Healthcare,Biotechnology,7762318093,331.15,,319.65,2026-10-08T09:53:29+00:00
PRMB,Primo Brands Corporation,Consumer Defensive,Beverages - Non-Alcoholic,6876936000,21.83,69.5,21.89,2026-10-08T09:53:29+00:00
PRU,Prudential Financial Inc,Financial Services,Insurance - Life,38097822000,119.04,,107.22,2026-10-08T09:53:29+00:00
PSA,Public Storage,Real Estate,Reit - Industrial,48171614000,304.86,,301.20,2026-10-08T09:53:29+00:00
PSKY,Paramount Skydance Corporation Class B Common Stock,Communication Services,Entertainment,8552548000,9.90,,10.03,2026-10-06T09:45:58+00:00
PSX,Phillips 66,Energy,Oil & Gas Refining & Marketing,55348859000,244.14,,198.59,2026-10-08T09:53:29+00:00
PTC,PTC Inc,Technology,Software - Application,21015233000,146.42,,139.38,2026-10-08T09:53:29+00:00
PTEN,Patterson-UTI Energy Inc,Energy,Oil & Gas Drilling,4282953375,11.48,,10.87,2026-10-08T09:53:29+00:00
PTGX,Protagonist Therapeutics Inc,Healthcare,Biotechnology,9118651242,145.22,134.67,121.06,2026-10-08T09:53:29+00:00
PURR,Hyperliquid Strategies Inc Common Stock,Financial Services,Capital Markets,2320639649,10.44,3.696,8.14,2026-10-08T09:53:29+00:00
PWR,Quanta Services Inc,Industrials,Engineering & Construction,69320991000,648.33,,651.60,2026-10-08T09:53:29+00:00
PYPL,PayPal Holdings Inc,Financial Services,Credit Services,59892675000,56.30,,49.65,2026-10-08T09:53:29+00:00
Q,"Qnity Electronics, Inc",Technology,Semiconductor Equipment & Materials,27138591735,127.52,41.82,135.30,2026-10-08T09:53:29+00:00
QBTS,D-Wave Quantum Inc.,Technology,Computer Hardware,8093684000,18.00,,19.60,2026-10-08T09:53:29+00:00
QCOM,Qualcomm Incorporated,Technology,Semiconductors,181369111000,171.77,,172.75,2026-10-08T09:53:29+00:00
QGEN,Qiagen NV,Healthcare,Diagnostics & Research,10354158000,43.30,,39.96,2026-10-08T09:53:29+00:00
QLYS,Qualys Inc,Technology,Software - Infrastructure,6737376250,178.05,30.0,130.96,2026-10-08T09:53:29+00:00
QNT,Quantinuum Inc. Class A Common Stock,Technology,Software - Application,1736227596,52.68,,,2026-10-08T09:53:29+00:00
QRVO,Qorvo Inc,Technology,Semiconductors,10072305578,103.20,25.07,93.27,2026-10-06T09:45:58+00:00
QSR,Restaurant Brands International Inc,Consumer Cyclical,Restaurants,32922624000,74.69,,74.24,2026-10-08T09:53:29+00:00
QXO,"QXO, Inc.",Industrials,Industrial Distribution,12631363000,13.22,,16.53,2026-10-08T09:53:29+00:00
RACE,Ferrari NV,Consumer Cyclical,Auto Manufacturers,69491737000,408.33,,368.87,2026-10-08T09:53:29+00:00
RARE,Ultragenyx,Healthcare,Biotechnology,1467990244,20.47,,23.64,2026-10-08T09:53:29+00:00
RBA,RB Global Inc.,Industrials,Specialty Business Services,18282037000,87.24,,98.86,2026-10-08T09:53:29+00:00
RBC,RBC Bearings Incorporated,Industrials,Tools & Accessories,14066143000,516.87,,562.57,2026-10-08T09:53:29+00:00
RBLX,Roblox Corp,Communication Services,Electronic Gaming & Multimedia,66703978000,42.26,,48.73,2026-10-08T09:53:29+00:00
RBRK,"Rubrik, Inc.",Technology,Software - Infrastructure,13687837000,99.24,,75.81,2026-10-08T09:53:29+00:00
RCL,Royal Caribbean Cruises Ltd,Consumer Cyclical,Travel Services,72609825000,279.39,,278.77,2026-10-08T09:53:29+00:00
RDDT,"Reddit, Inc.",Communication Services,Internet Content & Information,41020146000,154.84,,158.96,2026-10-08T09:53:29+00:00
RDW,Redwire Corp,Industrials,Aerospace & Defense,2559928263,11.20,,11.57,2026-10-08T09:53:29+00:00
REG,Regency Centers Corporation,Real Estate,Reit - Retail,13093273000,74.83,,76.46,2026-10-08T09:53:29+00:00
REGN,Regeneron Pharmaceuticals Inc,Healthcare,Biotechnology,82690343000,788.39,,722.74,2026-10-08T09:53:29+00:00
RELY,Remitly Global Inc,Technology,Software - Infrastructure,4853914185,23.85,15.94,21.44,2026-10-08T09:53:29+00:00
REXR,Rexford Industrial Realty Inc,Real Estate,Reit - Industrial,10187282000,36.89,,35.10,2026-10-08T09:53:29+00:00
RF,Regions Financial Corporation,Financial Services,Banks - Regional,22709248000,29.57,,28.36,2026-10-08T09:53:29+00:00
RGA,Reinsurance Group of America,Financial Services,Insurance - Reinsurance,12477085000,245.62,,222.60,2026-10-08T09:53:29+00:00
RGEN,Repligen Corporation,Healthcare,Medical Instruments & Supplies,9437227989,172.13,236.86,140.95,2026-10-08T09:53:29+00:00
RGLD,Royal Gold Inc,Basic Materials,Gold,17203702000,241.60,,232.53,2026-10-08T09:53:29+00:00
RGTI,Rigetti Computing Inc,Technology,Computer Hardware,8438767000,16.15,,17.36,2026-10-08T09:53:29+00:00
RH,RH,Consumer Cyclical,Specialty Retail,2180915354,148.41,22.08,145.62,2026-10-08T09:53:29+00:00
RIG,Transocean Ltd,Energy,Oil & Gas Drilling,6019983051,5.57,,5.91,2026-10-08T09:53:29+00:00
RIO,Rio Tinto ADR,Basic Materials,Other Industrial Metals & Mining,117630616000,98.46,,96.15,2026-10-08T09:53:29+00:00
RIOT,"Riot Platforms, Inc.",Financial Services,Capital Markets,6957302204,20.74,,20.72,2026-10-08T09:53:29+00:00
RIVN,Rivian Automotive Inc,Consumer Cyclical,Auto Manufacturers,20668895000,15.62,,15.81,2026-10-08T09:53:29+00:00
RJF,Raymond James Financial Inc.,Financial Services,Asset Management,31211565000,171.11,,158.83,2026-10-08T09:53:29+00:00
RKLB,Rocket Lab USA Inc.,Industrials,Aerospace & Defense,22509347000,70.27,,83.03,2026-10-08T09:53:29+00:00
RKT,Rocket Companies Inc,Financial Services,Mortgage Finance,56261480000,13.25,,14.03,2026-10-08T09:53:29+00:00
RL,Ralph Lauren Corp Class A,Consumer Cyclical,Apparel Manufacturing,22275131000,361.45,,364.64,2026-10-08T09:53:29+00:00
RMBS,Rambus Inc,Technology,Semiconductors,10288124000,94.64,,110.16,2026-10-08T09:53:29+00:00
RMD,ResMed Inc,Healthcare,Medical Instruments & Supplies,37342556000,224.31,,214.97,2026-10-08T09:53:29+00:00
RNG,Ringcentral Inc,Technology,Software - Application,5643830048,69.40,57.91,49.94,2026-10-08T09:53:29+00:00
RNR,Renaissancere Holdings Ltd,Financial Services,Insurance - Reinsurance,12292284000,324.81,,310.01,2026-10-08T09:53:29+00:00
ROIV,Roivant Sciences Ltd,Healthcare,Biotechnology,14473179000,36.64,,32.43,2026-10-08T09:53:29+00:00
ROK,Rockwell Automation Inc,Industrials,Specialty Industrial Machinery,44508279000,436.41,,428.97,2026-10-08T09:53:29+00:00
ROKU,Roku Inc,Communication Services,Entertainment,14300894000,153.77,,131.77,2026-10-08T09:53:29+00:00
ROL,Rollins Inc,Consumer Cyclical,Personal Services,29581136000,34.74,,44.87,2026-10-08T09:53:29+00:00
ROP,"Roper Technologies, Inc.",Technology,Software - Application,48029975000,388.97,,359.73,2026-10-08T09:53:29+00:00
ROST,Ross Stores Inc,Consumer Cyclical,Apparel Retail,57682158000,236.36,,226.92,2026-10-08T09:53:29+00:00
RPM,RPM International Inc,Basic Materials,Specialty Chemicals,13759357000,105.34,,103.82,2026-10-08T09:53:29+00:00
RPRX,Royalty Pharma Plc,Healthcare,Biotechnology,23338635000,59.21,,54.19,2026-10-08T09:53:29+00:00
RRC,Range Resources Corp,Energy,Oil & Gas E&P,9307474828,39.93,11.56,40.28,2026-10-08T09:53:29+00:00
RRX,Regal Beloit Corporation,Industrials,Specialty Industrial Machinery,10928796778,166.18,30.7,192.06,2026-10-08T09:53:29+00:00
RS,Reliance Steel & Aluminum Co,Basic Materials,Steel,14690429000,399.48,,370.26,2026-10-08T09:53:29+00:00
RSG,Republic Services Inc,Industrials,Waste Management,67769561000,216.02,,213.39,2026-10-08T09:53:29+00:00
RTX,Raytheon Technologies Corp,Industrials,Aerospace & Defense,234514432000,204.31,,193.85,2026-10-08T09:53:29+00:00
RVMD,Revolution Medicines Inc,Healthcare,Biotechnology,43053671273,203.33,,164.02,2026-10-08T09:53:29+00:00
RVTY,Revvity Inc.,Healthcare,Diagnostics & Research,12119138000,130.50,,108.45,2026-10-08T09:53:29+00:00
RY,Royal Bank of Canada,Financial Services,Banks - Diversified,217314132000,205.71,,191.49,2026-10-08T09:53:29+00:00
S,SentinelOne Inc,Technology,Software - Infrastructure,8660676857,21.95,,17.78,2026-10-08T09:53:29+00:00
SAIA,Saia Inc,Industrials,Trucking,8905259104,352.10,33.13,395.62,2026-10-08T09:53:29+00:00
SAIL,"SailPoint, Inc. Common Stock",Technology,Software - Infrastructure,11493562000,19.16,,15.68,2026-10-08T09:53:29+00:00
SAN,Banco Santander SA ADR,Financial Services,Banks - Diversified,157992813000,14.43,,13.03,2026-10-08T09:53:29+00:00
SANM,Sanmina Corporation,Technology,Electronic Components,11759717966,203.64,35.07,201.17,2026-10-08T09:53:29+00:00
SAP,SAP SE ADR,Technology,Software - Application,282072547000,208.85,,182.68,2026-10-08T09:53:29+00:00
SBAC,SBA Communications Corp,Real Estate,Reit - Specialty,20701995000,179.17,,189.46,2026-10-08T09:53:29+00:00
SBUX,Starbucks Corporation,Consumer Cyclical,Restaurants,99052782000,101.64,,100.25,2026-10-08T09:53:29+00:00
SCCO,Southern Copper Corporation,Basic Materials,Copper,110397686000,198.41,,183.02,2026-10-08T09:53:29+00:00
SCHW,Charles Schwab Corp,Financial Services,Capital Markets,168325300000,105.81,,97.44,2026-10-08T09:53:29+00:00
SDEV,Stablecoin Development Corporation,Financial Services,Asset Management,140709699,1.42,,1.37,2026-10-08T09:53:29+00:00
SE,Sea Ltd,Consumer Cyclical,Internet Retail,82296685000,109.79,,97.03,2026-10-08T09:53:29+00:00
SEDG,SolarEdge Technologies Inc,Technology,Solar,2040202151,34.10,,44.95,2026-10-08T09:53:29+00:00
SEI,"Solaris Energy Infrastructure, Inc.",Energy,Oil & Gas Equipment & Services,5033514660,61.28,77.83,65.15,2026-10-08T09:53:29+00:00
SEIC,SEI Investments Company,Financial Services,Asset Management,9996323000,106.17,,93.49,2026-10-08T09:53:29+00:00
SF,Stifel Financial Corporation,Financial Services,Capital Markets,12465156000,78.49,,75.51,2026-10-08T09:53:29+00:00
SFM,Sprouts Farmers Market LLC,Consumer Defensive,Grocery Stores,8190430000,76.67,,78.93,2026-10-08T09:53:29+00:00
SGI,Somnigroup International Inc.,Consumer Cyclical,"Furnishings, Fixtures & Appliances",11660662000,65.01,,70.68,2026-10-08T09:53:29+00:00
SHAZ,"SharonAI Holdings, Inc. Class A Common Stock",Technology,Information Technology Services,1609304026,56.37,,53.71,2026-10-08T09:53:29+00:00
SHEL,Shell PLC ADR,Energy,Oil & Gas Integrated,210964382000,93.04,,87.90,2026-10-08T09:53:29+00:00
SHOP,Shopify Inc,Technology,Software - Application,206524367000,143.14,,125.93,2026-10-08T09:53:29+00:00
SHW,Sherwin-Williams Co,Basic Materials,Specialty Chemicals,85693366000,337.84,,326.50,2026-10-08T09:53:29+00:00
SIG,Signet Jewelers Ltd,Consumer Cyclical,Luxury Goods,3961232031,93.82,11.66,88.82,2026-10-08T09:53:29+00:00
SIMO,Silicon Motion Technology,Technology,Semiconductors,9690171043,258.55,28.01,233.21,2026-10-08T09:53:29+00:00
SIRI,Sirius XM Holding Inc,Communication Services,Entertainment,8746888907,28.27,11.14,27.00,2026-10-08T09:53:29+00:00
SITM,Sitime Corporation,Technology,Semiconductors,19925199576,620.71,914.83,585.68,2026-10-08T09:53:29+00:00
SJM,The J. M. Smucker Company,Consumer Defensive,Packaged Foods,11115416000,121.98,,109.16,2026-10-08T09:53:29+00:00
SKHY,SK Hynix Inc. American Depositary Shares,Technology,Semiconductors,1265316359250,169.11,10.34,,2026-10-08T09:53:29+00:00
SLB,Schlumberger NV,Energy,Oil & Gas Equipment & Services,54139793000,52.67,,51.56,2026-10-08T09:53:29+00:00
SLS,Sellas Life Sciences Group Inc,Healthcare,Biotechnology,2284009345,12.35,,9.23,2026-10-08T09:53:29+00:00
SM,SM Energy Co,Energy,Oil & Gas E&P,8384353500,34.92,7.32,31.21,2026-10-08T09:53:29+00:00
SMCI,Super Micro Computer Inc,Technology,Computer Hardware,20207473000,37.38,,32.60,2026-10-08T09:53:29+00:00
SMMT,Summit Therapeutics PLC,Healthcare,Biotechnology,13318077000,15.29,,16.33,2026-10-08T09:53:29+00:00
SMR,Nuscale Power Corp,Industrials,Specialty Industrial Machinery,5656870000,8.98,,10.23,2026-10-08T09:53:29+00:00
SMTC,Semtech Corporation,Technology,Semiconductors,18084712166,150.46,99.73,131.03,2026-10-08T09:53:29+00:00
SN,"SharkNinja, Inc.",Consumer Cyclical,"Furnishings, Fixtures & Appliances",13771675000,177.19,,141.02,2026-10-08T09:53:29+00:00
SNA,Snap-On Inc,Industrials,Tools & Accessories,17738154000,386.73,,380.49,2026-10-08T09:53:29+00:00
SNAP,Snap Inc,Communication Services,Internet Content & Information,13204674000,5.42,,5.24,2026-10-08T09:53:29+00:00
SNDK,Sandisk Corp,Technology,Computer Hardware,5991254000,1564.59,,1397.29,2026-10-08T09:53:29+00:00
SNOW,Snowflake Inc.,Technology,Software - Application,85120115000,327.62,,240.70,2026-10-08T09:53:29+00:00
SNPS,Synopsys Inc,Technology,Software - Infrastructure,77644808000,414.61,,437.97,2026-10-08T09:53:29+00:00
SNX,Synnex Corporation,Technology,Electronics & Computer Distribution,12574580000,260.54,,237.28,2026-10-08T09:53:29+00:00
SNY,Sanofi ADR,Healthcare,Drug Manufacturers - General,121753248000,43.12,,43.40,2026-10-08T09:53:29+00:00
SO,Southern Company,Utilities,Utilities - Regulated Electric,100332683000,88.41,,91.96,2026-10-08T09:53:29+00:00
SOFI,SoFi Technologies Inc.,Financial Services,Credit Services,35839439000,17.40,,17.23,2026-10-08T09:53:29+00:00
SOLS,"Solstice Advanced Materials, Inc",Basic Materials,Specialty Chemicals,9588005017,59.48,44.21,71.14,2026-10-08T09:53:29+00:00
SOLV,Solventum Corp.,Healthcare,Medical Instruments & Supplies,14788139000,88.45,,77.99,2026-10-08T09:53:29+00:00
SONY,Sony Group Corp,Technology,Consumer Electronics,175097709000,23.68,,21.92,2026-10-08T09:53:29+00:00
SOUN,SoundHound AI Inc,Technology,Software - Application,2317178557,6.56,,7.11,2026-10-08T09:53:29+00:00
SPCX,Space Exploration Technologies Corp. Class A Common Stock,Industrials,Aerospace & Defense,1289898921374,142.27,,,2026-10-08T09:53:29+00:00
SPG,Simon Property Group Inc,Real Estate,Reit - Retail,70281216000,211.67,,205.48,2026-10-08T09:53:29+00:00
SPGI,S&P Global Inc,Financial Services,Financial Data & Stock Exchanges,152292803000,414.61,,408.72,2026-10-08T09:53:29+00:00
SPOT,Spotify Technology SA,Communication Services,Internet Content & Information,123303748000,516.40,,494.65,2026-10-08T09:53:29+00:00
SPXC,SPX Corp,Industrials,Building Products & Equipment,8545673075,194.27,30.42,208.44,2026-10-08T09:53:29+00:00
SRE,Sempra Energy,Utilities,Utilities - Diversified,61821997000,82.73,,88.86,2026-10-08T09:53:29+00:00
SRRK,Scholar Rock Holding Corp,Healthcare,Biotechnology,5139327093,51.74,,49.41,2026-10-08T09:53:29+00:00
SSNC,SS&C Technologies Holdings Inc,Technology,Software - Application,20988322000,80.22,,72.18,2026-10-08T09:53:29+00:00
SSRM,SSR Mining Inc,Basic Materials,Gold,6678019750,34.20,13.59,30.96,2026-10-08T09:53:29+00:00
STE,STERIS plc,Healthcare,Medical Devices,26226080000,222.93,,217.53,2026-10-08T09:53:29+00:00
STLA,Stellantis NV,Consumer Cyclical,Auto Manufacturers,30793798000,5.18,,6.36,2026-10-08T09:53:29+00:00
STLD,Steel Dynamics Inc,Basic Materials,Steel,24705348000,241.49,,228.44,2026-10-08T09:53:29+00:00
STM,STMicroelectronics NV ADR,Technology,Semiconductors,20437025000,52.09,,54.43,2026-10-08T09:53:29+00:00
STRL,Sterling Construction Company Inc,Industrials,Engineering & Construction,10576987000,517.12,,600.52,2026-10-08T09:53:29+00:00
STT,State Street Corp,Financial Services,Asset Management,33765417000,184.78,,162.83,2026-10-08T09:53:29+00:00
STX,Seagate Technology PLC,Technology,Computer Hardware,60283019000,855.86,,757.06,2026-10-08T09:53:29+00:00
STZ,Constellation Brands Inc Class A,Consumer Defensive,Beverages - Brewers,23739218000,126.12,,138.30,2026-10-08T09:53:29+00:00
SU,Suncor Energy Inc,Energy,Oil & Gas Integrated,54511178000,66.85,,63.53,2026-10-08T09:53:29+00:00
SUI,Sun Communities Inc,Real Estate,Reit - Residential,16575589000,117.11,,121.15,2026-10-08T09:53:29+00:00
SUNB,"Sunbelt Rentals Holdings, Inc.",Industrials,Rental & Leasing Services,30638127674,74.98,21.63,73.45,2026-10-08T09:53:29+00:00
SW,Smurfit WestRock plc,Consumer Cyclical,Packaging & Containers,18636829000,46.12,,42.82,2026-10-08T09:53:29+00:00
SWK,Stanley Black & Decker Inc,Industrials,Tools & Accessories,11077372000,94.64,,83.52,2026-10-08T09:53:29+00:00
SWKS,Skyworks Solutions Inc,Technology,Semiconductors,9805431000,75.47,,67.71,2026-10-08T09:53:29+00:00
SYF,Synchrony Financial,Financial Services,Credit Services,28782371000,76.49,,73.28,2026-10-08T09:53:29+00:00
SYK,Stryker Corporation,Healthcare,Medical Devices,141948010000,306.85,,315.74,2026-10-08T09:53:29+00:00
SYRE,Spyre Therapeutics Inc.,Healthcare,Biotechnology,7128867765,95.01,,79.58,2026-10-08T09:53:29+00:00
SYY,Sysco Corporation,Consumer Defensive,Food Distribution,36489212000,80.84,,78.42,2026-10-08T09:53:29+00:00
T,AT&T Inc,Communication Services,Telecom Services,184467472000,24.97,,24.70,2026-10-08T09:53:29+00:00
TAP,Molson Coors Brewing Co Class B,Consumer Defensive,Beverages - Brewers,6433660233,39.69,,40.55,2026-10-08T09:53:29+00:00
TCOM,Trip.com Group Ltd ADR,Consumer Cyclical,Travel Services,45699953000,42.79,,46.69,2026-10-08T09:53:29+00:00
TD,Toronto Dominion Bank,Financial Services,Banks - Diversified,144782131000,120.23,,112.04,2026-10-08T09:53:29+00:00
TDG,Transdigm Group Incorporated,Industrials,Aerospace & Defense,76645966000,1168.40,,1209.91,2026-10-08T09:53:29+00:00
TDY,Teledyne Technologies Incorporated,Technology,Scientific & Technical Instruments,23452957000,631.60,,632.18,2026-10-08T09:53:29+00:00
TE,T1 Energy Inc.,Industrials,Electrical Equipment & Parts,1098585716,4.48,,6.14,2026-10-08T09:53:29+00:00
TEAM,Atlassian Corp Plc,Technology,Software - Application,39358353000,169.69,,111.06,2026-10-08T09:53:29+00:00
TECH,Bio-Techne Corp,Healthcare,Biotechnology,11374009349,72.29,62.42,62.00,2026-10-08T09:53:29+00:00
TECK,Teck Resources Ltd Class B,Basic Materials,Other Industrial Metals & Mining,20994972000,66.31,,60.91,2026-10-08T09:53:29+00:00
TEL,TE Connectivity Ltd,Technology,Electronic Components,66614321000,209.58,,208.37,2026-10-08T09:53:29+00:00
TEM,"Tempus AI, Inc. Class A Common Stock",Healthcare,Health Information Services,13864313000,64.52,,55.19,2026-10-08T09:53:29+00:00
TENB,Tenable Holdings Inc,Technology,Software - Infrastructure,4288851449,35.55,601.0,28.81,2026-10-08T09:53:29+00:00
TER,Teradyne Inc,Technology,Semiconductor Equipment & Materials,28933886000,380.48,,365.17,2026-10-08T09:53:29+00:00
TEVA,Teva Pharma Industries Ltd ADR,Healthcare,Drug Manufacturers - Specialty & Generic,30850427000,37.42,,34.11,2026-10-08T09:53:29+00:00
TFC,Truist Financial Corp,Financial Services,Banks - Regional,59958735000,49.89,,48.77,2026-10-08T09:53:29+00:00
TFX,Teleflex Incorporated,Healthcare,Medical Instruments & Supplies,5274516494,132.57,,127.69,2026-10-08T09:53:29+00:00
TGT,Target Corporation,Consumer Defensive,Discount Stores,41177649000,156.19,,135.62,2026-10-08T09:53:29+00:00
TGTX,TG Therapeutics Inc,Healthcare,Biotechnology,8105797917,53.56,20.39,45.59,2026-10-08T09:53:29+00:00
THC,Tenet Healthcare Corporation,Healthcare,Medical Care Facilities,19158030000,262.51,,216.60,2026-10-08T09:53:29+00:00
TIGO,Millicom International Cellular SA,Communication Services,Telecom Services,15223036137,93.56,23.92,86.69,2026-10-08T09:53:29+00:00
TJX,The TJX Companies Inc,Consumer Cyclical,Apparel Retail,169484321000,139.67,,150.76,2026-10-08T09:53:29+00:00
TKO,"TKO Group Holdings, Inc.",Communication Services,Entertainment,15925521000,187.30,,190.88,2026-10-08T09:53:29+00:00
TKR,Timken Company,Industrials,Tools & Accessories,7962918524,123.35,31.68,120.72,2026-10-08T09:53:29+00:00
TLN,Talen Energy Corporation,Utilities,Utilities - Independent Power Producers,18013340000,320.04,,346.14,2026-10-08T09:53:29+00:00
TMO,Thermo Fisher Scientific Inc,Healthcare,Diagnostics & Research,221979607000,622.97,,534.72,2026-10-08T09:53:29+00:00
TMUS,T-Mobile US Inc,Communication Services,Telecom Services,235223826000,175.09,,185.82,2026-10-08T09:53:29+00:00
TOL,Toll Brothers Inc,Consumer Cyclical,Residential Construction,13728649000,142.23,,142.75,2026-10-08T09:53:29+00:00
TOST,Toast Inc,Technology,Software - Infrastructure,20103719000,32.92,,29.04,2026-10-08T09:53:29+00:00
TPG,TPG Inc,Financial Services,Asset Management,21878929000,48.46,,43.65,2026-10-08T09:53:29+00:00
TPL,Texas Pacific Land Trust,Energy,Oil & Gas E&P,22725947000,361.74,,405.24,2026-10-08T09:53:29+00:00
TPR,Tapestry Inc,Consumer Cyclical,Luxury Goods,22621561000,128.38,,137.65,2026-10-08T09:53:29+00:00
TRGP,Targa Resources Inc,Energy,Oil & Gas Midstream,37725282000,282.14,,264.51,2026-10-08T09:53:29+00:00
TRI,Thomson Reuters Corporation Common Shares,Industrials,Specialty Business Services,61218509000,101.39,,92.55,2026-10-08T09:53:29+00:00
TRMB,Trimble Inc,Technology,Scientific & Technical Instruments,19375442000,58.50,,59.07,2026-10-08T09:53:29+00:00
TROW,T. Rowe Price Group Inc,Financial Services,Asset Management,22494446000,108.27,,103.08,2026-10-08T09:53:29+00:00
TRP,TC Energy Corp,Energy,Oil & Gas Midstream,57036509000,61.59,,63.74,2026-10-08T09:53:29+00:00
TRU,TransUnion,Financial Services,Financial Data & Stock Exchanges,16567740000,76.75,,73.28,2026-10-08T09:53:29+00:00
TRV,The Travelers Companies Inc,Financial Services,Insurance - Property & Casualty,65932694000,369.00,,329.75,2026-10-08T09:53:29+00:00
TSCO,Tractor Supply Company,Consumer Cyclical,Specialty Retail,28945949000,33.47,,35.03,2026-10-08T09:53:29+00:00
TSEM,Tower Semiconductor Ltd,Technology,Semiconductors,28059945750,226.27,80.01,222.56,2026-10-08T09:53:29+00:00
TSLA,Tesla Inc,Consumer Cyclical,Auto Manufacturers,1430667657000,351.73,,378.43,2026-10-08T09:53:29+00:00
TSM,Taiwan Semiconductor Manufacturing,Technology,Semiconductors,1511918010000,429.04,,405.90,2026-10-08T09:53:29+00:00
TSN,Tyson Foods Inc,Consumer Defensive,Farm Products,20494789000,54.54,,58.60,2026-10-08T09:53:29+00:00
TT,Trane Technologies plc,Industrials,Building Products & Equipment,93785776000,453.44,,457.25,2026-10-08T09:53:29+00:00
TTAN,"ServiceTitan, Inc. Class A Common Stock",Technology,Software - Application,6032042500,78.08,,71.19,2026-10-08T09:53:29+00:00
TTD,Trade Desk Inc,Communication Services,Advertising Agencies,19342582000,14.16,,19.04,2026-10-08T09:53:29+00:00
TTE,TotalEnergies SE ADR,Energy,Oil & Gas Integrated,141623427000,87.59,,86.04,2026-10-08T09:53:29+00:00
TTMI,TTM Technologies Inc,Technology,Electronic Components,13505741479,123.66,51.24,138.00,2026-10-08T09:53:29+00:00
TTWO,Take-Two Interactive Software Inc,Communication Services,Electronic Gaming & Multimedia,45468529000,223.94,,222.40,2026-10-08T09:53:29+00:00
TVTX,Travere Therapeutics Inc,Healthcare,Biotechnology,5037307711,62.20,,49.77,2026-10-08T09:53:29+00:00
TW,Tradeweb Markets Inc,Financial Services,Capital Markets,23784133000,103.89,,107.56,2026-10-08T09:53:29+00:00
TWLO,Twilio Inc,Technology,Software - Infrastructure,19898804000,242.66,,196.04,2026-10-08T09:53:29+00:00
TWST,Twist Bioscience Corp,Healthcare,Biotechnology,10319750245,140.96,,91.42,2026-10-08T09:53:29+00:00
TXG,10X Genomics Inc,Healthcare,Medical Devices,9148133017,67.11,,41.18,2026-10-08T09:53:29+00:00
TXN,Texas Instruments Incorporated,Technology,Semiconductors,152980505000,271.38,,265.56,2026-10-08T09:53:29+00:00
TXNM,"TXNM Energy, Inc.",Utilities,Utilities - Regulated Electric,6443472075,57.87,31.98,57.83,2026-10-08T09:53:29+00:00
TXRH,Texas Roadhouse Inc,Consumer Cyclical,Restaurants,11645470000,186.90,,177.72,2026-10-08T09:53:29+00:00
TXT,Textron Inc,Industrials,Aerospace & Defense,14819553000,82.00,,87.94,2026-10-08T09:53:29+00:00
TYL,Tyler Technologies Inc,Technology,Software - Application,20316613000,337.04,,326.43,2026-10-08T09:53:29+00:00
U,Unity Software Inc,Technology,Software - Application,18194854000,42.23,,31.36,2026-10-08T09:53:29+00:00
UAL,United Airlines Holdings Inc,Industrials,Airlines,33008325000,115.24,,108.39,2026-10-08T09:53:29+00:00
UBER,Uber Technologies Inc,Technology,Software - Application,182557540000,73.08,,73.12,2026-10-08T09:53:29+00:00
UBS,UBS Group AG,Financial Services,Banks - Diversified,121636332000,52.25,,47.42,2026-10-08T09:53:29+00:00
UDR,UDR Inc,Real Estate,Reit - Residential,13711731000,36.04,,36.47,2026-10-08T09:53:29+00:00
UEC,Uranium Energy Corp,Energy,Uranium,4686437972,10.79,,12.10,2026-10-08T09:53:29+00:00
UGI,UGI Corporation,Utilities,Utilities - Regulated Gas,7861242077,36.71,12.68,35.63,2026-10-08T09:53:29+00:00
UHS,Universal Health Services Inc,Healthcare,Medical Care Facilities,15504295000,173.44,,168.12,2026-10-08T09:53:29+00:00
UI,Ubiquiti Networks Inc,Technology,Communication Equipment,35276747000,575.15,,669.06,2026-10-08T09:53:29+00:00
UL,Unilever PLC ADR,Consumer Defensive,Household & Personal Products,149036499000,62.85,,60.13,2026-10-08T09:53:29+00:00
ULTA,Ulta Beauty Inc,Consumer Cyclical,Specialty Retail,24218042000,538.12,,520.02,2026-10-08T09:53:29+00:00
UMC,United Microelectronics,Technology,Semiconductors,18732474000,21.22,,18.02,2026-10-08T09:53:29+00:00
UNF,Unifirst Corporation,Industrials,Specialty Business Services,3666795964,275.64,39.84,268.55,2026-10-08T09:53:29+00:00
UNH,UnitedHealth Group Incorporated,Healthcare,Healthcare Plans,298718396000,389.45,,369.64,2026-10-08T09:53:29+00:00
UNM,Unum Group,Financial Services,Insurance - Life,12938698000,91.44,,84.83,2026-10-08T09:53:29+00:00
UNP,Union Pacific Corporation,Industrials,Railroads,137512485000,288.47,,271.08,2026-10-08T09:53:29+00:00
UPS,United Parcel Service Inc,Industrials,Integrated Freight & Logistics,81266860000,100.42,,101.52,2026-10-08T09:53:29+00:00
UPST,Upstart Holdings Inc,Financial Services,Credit Services,2337458305,27.27,47.63,29.12,2026-10-08T09:53:29+00:00
URBN,Urban Outfitters Inc,Consumer Cyclical,Apparel Retail,6831385000,77.34,11.87,72.32,2026-10-08T09:53:29+00:00
URI,United Rentals Inc,Industrials,Rental & Leasing Services,52449677000,1061.12,,977.26,2026-10-08T09:53:29+00:00
USAR,"USA Rare Earth, Inc.",Basic Materials,Other Industrial Metals & Mining,4966449218,16.67,,19.38,2026-10-08T09:53:29+00:00
USB,U.S. Bancorp,Financial Services,Banks - Regional,76331090000,61.20,,57.42,2026-10-08T09:53:29+00:00
USFD,US Foods Holding Corp,Consumer Defensive,Food Distribution,17714250000,101.19,,94.74,2026-10-08T09:53:29+00:00
UTHR,United Therapeutics Corporation,Healthcare,Drug Manufacturers - Specialty & Generic,21979963000,511.97,,539.16,2026-10-08T09:53:29+00:00
UUUU,Energy Fuels Inc,Energy,Uranium,2716581301,13.09,,15.92,2026-10-08T09:53:29+00:00
V,Visa Inc. Class A,Financial Services,Credit Services,649128641000,369.10,,339.07,2026-10-08T09:53:29+00:00
VAL,Valaris Ltd,Energy,Oil & Gas Drilling,5683336494,83.28,6.32,87.98,2026-10-08T09:53:29+00:00
VALE,Vale SA ADR,Basic Materials,Other Industrial Metals & Mining,53957759000,14.39,,14.99,2026-10-08T09:53:29+00:00
VEEV,Veeva Systems Inc Class A,Healthcare,Health Information Services,39499313000,256.09,,201.07,2026-10-08T09:53:29+00:00
VFC,VF Corporation,Consumer Cyclical,Apparel Manufacturing,5653281345,13.93,20.77,16.16,2026-10-08T09:53:29+00:00
VG,"Venture Global, Inc.",Energy,Oil & Gas Midstream,18262905000,13.84,,13.26,2026-10-08T09:53:29+00:00
VIAV,Viavi Solutions Inc,Technology,Communication Equipment,11417122613,38.87,,41.99,2026-10-08T09:53:29+00:00
VICI,VICI Properties Inc,Real Estate,Reit - Diversified,30803145000,24.79,,26.17,2026-10-08T09:53:29+00:00
VICR,Vicor Corporation,Technology,Electronic Components,9724521378,225.17,69.38,241.45,2026-10-08T09:53:29+00:00
VIK,Viking Holdings Ltd,Consumer Cyclical,Travel Services,29624295000,90.53,,87.58,2026-10-08T09:53:29+00:00
VKTX,Viking Therapeutics Inc,Healthcare,Biotechnology,3553515514,33.00,,33.36,2026-10-08T09:53:29+00:00
VLO,Valero Energy Corporation,Energy,Oil & Gas Refining & Marketing,54910800000,362.16,,288.46,2026-10-08T09:53:29+00:00
VLTO,Veralto Corporation,Industrials,Pollution & Treatment Controls,25132657000,96.52,,91.01,2026-10-08T09:53:29+00:00
VMC,Vulcan Materials Company,Basic Materials,Building Materials,39274590000,262.78,,275.96,2026-10-08T09:53:29+00:00
VMRK,Vivmark Residential,Real Estate,Reit - Residential,45877357618,63.71,24.2,63.38,2026-10-08T09:53:29+00:00
VOYA,Voya Financial Inc,Financial Services,Financial Conglomerates,8766974616,99.67,16.79,87.40,2026-10-08T09:53:29+00:00
VRSK,Verisk Analytics Inc,Industrials,Consulting Services,31445651000,181.33,,182.52,2026-10-08T09:53:29+00:00
VRSN,VeriSign Inc,Technology,Software - Infrastructure,23538031000,289.90,,275.50,2026-10-08T09:53:29+00:00
VRT,Vertiv Holdings Co,Industrials,Electrical Equipment & Parts,68717662000,258.84,,288.46,2026-10-08T09:53:29+00:00
VRTX,Vertex Pharmaceuticals Inc,Healthcare,Biotechnology,111173550000,519.50,,476.75,2026-10-08T09:53:29+00:00
VSAT,ViaSat Inc,Technology,Communication Equipment,9762768098,74.98,,67.72,2026-10-08T09:53:29+00:00
VSH,Vishay Intertechnology Inc,Technology,Semiconductors,5209067189,32.82,162.55,35.14,2026-10-08T09:53:29+00:00
VST,Vistra Energy Corp,Utilities,Utilities - Independent Power Producers,60602331000,143.20,,151.58,2026-10-08T09:53:29+00:00
VSXY,Victoria's Secret & Co,Consumer Cyclical,Apparel Retail,6842953633,85.41,17.4,69.42,2026-10-08T09:53:29+00:00
VTR,Ventas Inc,Real Estate,Reit - Healthcare Facilities,37874557000,89.12,,86.97,2026-10-08T09:53:29+00:00
VTRS,Viatris Inc,Healthcare,Drug Manufacturers - Specialty & Generic,12341254000,16.90,,15.79,2026-10-08T09:53:29+00:00
VYLR,,,,,,,,
VZ,Verizon Communications Inc,Communication Services,Telecom Services,173337248000,48.23,,46.81,2026-10-08T09:53:29+00:00
W,Wayfair Inc,Consumer Cyclical,Internet Retail,14441460000,101.27,,85.13,2026-10-08T09:53:29+00:00
WAB,Westinghouse Air Brake Technologies Corp,Industrials,Railroads,35653120000,289.63,,270.63,2026-10-08T09:53:29+00:00
WAT,Waters Corporation,Healthcare,Diagnostics & Research,24017506000,413.84,,364.08,2026-10-08T09:53:29+00:00
WBD,Warner Bros Discovery Inc,Communication Services,Entertainment,59471389000,28.44,,27.50,2026-10-07T09:42:56+00:00
WCC,WESCO International Inc,Industrials,Industrial Distribution,13012897000,353.77,,332.45,2026-10-08T09:53:29+00:00
WCN,Waste Connections Inc,Industrials,Waste Management,45393445000,162.11,,161.43,2026-10-08T09:53:29+00:00
WDAY,Workday Inc,Technology,Software - Application,57570537000,188.23,,150.03,2026-10-08T09:53:29+00:00
WDC,Western Digital Corporation,Technology,Computer Hardware,55988793000,461.61,,457.90,2026-10-08T09:53:29+00:00
WEC,WEC Energy Group Inc,Utilities,Utilities - Regulated Electric,36455727000,105.69,,110.52,2026-10-08T09:53:29+00:00
WELL,Welltower Inc,Real Estate,Reit - Healthcare Facilities,142907228000,234.03,,220.64,2026-10-08T09:53:29+00:00
WEX,Wex Inc,Technology,Software - Infrastructure,5792508965,188.34,19.49,164.12,2026-10-08T09:53:29+00:00
WFC,Wells Fargo & Company,Financial Services,Banks - Diversified,275015434000,85.76,,82.21,2026-10-08T09:53:29+00:00
WFRD,Weatherford International plc,Energy,Oil & Gas Equipment & Services,5464946909,87.88,16.78,93.00,2026-10-08T09:53:29+00:00
WHR,Whirlpool Corporation,Consumer Cyclical,"Furnishings, Fixtures & Appliances",1903158845,37.12,10.52,43.60,2026-10-08T09:53:29+00:00
WING,Wingstop Inc,Consumer Cyclical,Restaurants,3178654908,112.53,24.61,145.30,2026-10-08T09:53:29+00:00
WIX,Wix.Com Ltd,Technology,Software - Infrastructure,3053758066,74.99,,68.40,2026-10-08T09:53:29+00:00
WM,Waste Management Inc,Industrials,Waste Management,87772643000,217.37,,222.70,2026-10-08T09:53:29+00:00
WMB,Williams Companies Inc,Energy,Oil & Gas Midstream,74408862000,71.78,,72.41,2026-10-08T09:53:29+00:00
WMS,Advanced Drainage Systems Inc,Industrials,Building Products & Equipment,11849753000,135.85,,140.40,2026-10-08T09:53:29+00:00
WMT,Walmart Inc,Consumer Defensive,Discount Stores,881915986000,108.48,,116.99,2026-10-08T09:53:29+00:00
WPC,W P Carey Inc,Real Estate,Reit - Diversified,14763801000,68.42,,69.95,2026-10-08T09:53:29+00:00
WPM,Wheaton Precious Metals Corp,Basic Materials,Gold,50030854000,141.28,,131.42,2026-10-08T09:53:29+00:00
WRB,W. R. Berkley Corp,Financial Services,Insurance - Property & Casualty,29523847000,69.66,,68.22,2026-10-08T09:53:29+00:00
WSM,Williams-Sonoma Inc,Consumer Cyclical,Specialty Retail,21489721000,234.14,,210.98,2026-10-08T09:53:29+00:00
WSO,Watsco Inc,Industrials,Industrial Distribution,14087982000,312.35,,363.13,2026-10-08T09:53:29+00:00
WST,West Pharmaceutical Services Inc,Healthcare,Medical Instruments & Supplies,19946310000,354.22,,319.74,2026-10-08T09:53:29+00:00
WTRG,Essential Utilities Inc,Utilities,Utilities - Regulated Water,11203001000,40.31,,38.94,2026-10-08T09:53:29+00:00
WTW,Willis Towers Watson PLC,Financial Services,Insurance Brokers,31312906000,321.69,,290.34,2026-10-08T09:53:29+00:00
WULF,Terawulf Inc,Financial Services,Capital Markets,7185153410,16.24,,19.39,2026-10-08T09:53:29+00:00
WWD,Woodward Inc,Industrials,Aerospace & Defense,17991666000,343.14,,368.78,2026-10-08T09:53:29+00:00
WY,Weyerhaeuser Company,Real Estate,Reit - Specialty,16024758000,22.61,,23.34,2026-10-08T09:53:29+00:00
WYNN,Wynn Resorts Limited,Consumer Cyclical,Resorts & Casinos,13379699000,91.35,,97.91,2026-10-08T09:53:29+00:00
XE,"X-Energy, Inc. Class A Common Stock",Industrials,Specialty Industrial Machinery,4136535109,17.40,,,2026-10-08T09:53:29+00:00
XEL,Xcel Energy Inc,Utilities,Utilities - Regulated Electric,48571331000,74.88,,77.49,2026-10-08T09:53:29+00:00
XENE,Xenon Pharmaceuticals Inc,Healthcare,Biotechnology,3525944385,54.72,,56.49,2026-10-08T09:53:29+00:00
XOM,Exxon Mobil Corp,Energy,Oil & Gas Integrated,494195606000,160.83,,153.10,2026-10-08T09:53:29+00:00
XP,Xp Inc,Financial Services,Capital Markets,11980055509,19.05,10.16,18.11,2026-10-08T09:53:29+00:00
XPO,XPO Logistics Inc,Industrials,Trucking,16729281000,189.69,,201.24,2026-10-08T09:53:29+00:00
XYL,Xylem Inc,Industrials,Specialty Industrial Machinery,34248792000,110.89,,114.72,2026-10-08T09:53:29+00:00
XYZ,"Block, Inc",Technology,Software - Infrastructure,40720212000,79.41,,73.26,2026-10-08T09:53:29+00:00
YUM,Yum! Brands Inc,Consumer Cyclical,Restaurants,42539192000,145.63,,151.53,2026-10-08T09:53:29+00:00
Z,Zillow Group Inc Class C,Communication Services,Internet Content & Information,18003724000,32.56,,36.41,2026-10-08T09:53:29+00:00
ZBH,Zimmer Biomet Holdings Inc,Healthcare,Medical Devices,19326665000,95.67,,90.75,2026-10-08T09:53:29+00:00
ZBRA,Zebra Technologies Corporation,Technology,Communication Equipment,12804376000,357.65,,276.51,2026-10-08T09:53:29+00:00
ZETA,Zeta Global Holdings Corp,Technology,Software - Infrastructure,7612385439,29.20,0,22.28,2026-10-08T09:53:29+00:00
ZION,Zions Bancorporation,Financial Services,Banks - Regional,9037409493,67.38,8.31,64.00,2026-10-08T09:53:29+00:00
ZM,Zoom Video Communications Inc,Technology,Software - Application,25156737000,97.46,,92.61,2026-10-08T09:53:29+00:00
ZS,Zscaler Inc,Technology,Software - Infrastructure,40107008000,182.82,,156.19,2026-10-08T09:53:29+00:00
ZTS,Zoetis Inc,Healthcare,Drug Manufacturers - Specialty & Generic,56807256000,74.09,,87.56,2026-10-08T09:53:29+00:00
